Timestamp,Temperature(degree celcius),Humidity,MQ-135 raw value,Light State,Air quality,Gas Anomaly,Occupancy Status
7/19/2026 0:17:35,31.3,83,333,0,Moderate,0,PossiblyOccupied
7/19/2026 0:17:45,31.3,83,330,0,Moderate,0,PossiblyOccupied
7/19/2026 0:17:55,31.3,83,320,0,Moderate,0,PossiblyOccupied
7/19/2026 0:18:05,31.3,84,319,1,Moderate,0,Unoccupied
7/19/2026 0:18:16,31.3,83,319,1,Moderate,0,Unoccupied
7/19/2026 0:18:26,31.3,83,314,1,Moderate,0,Unoccupied
7/19/2026 0:18:34,31.3,83,344,1,Moderate,0,Unoccupied
7/19/2026 0:18:45,31.3,83,351,1,Moderate,0,Unoccupied
7/19/2026 0:18:55,31.3,83,355,1,Moderate,0,Unoccupied
7/19/2026 0:19:05,31.3,83,358,1,Moderate,0,Unoccupied
7/19/2026 0:19:15,31.3,83,353,1,Moderate,0,Unoccupied
7/19/2026 0:19:25,31.3,83,354,1,Moderate,0,Unoccupied
7/19/2026 0:19:37,31.3,83,354,1,Moderate,0,Unoccupied
7/19/2026 0:21:49,31.3,83,351,1,Moderate,0,Unoccupied
7/19/2026 14:14:02,31.8,84,396,0,Moderate,0,PossiblyOccupied
7/19/2026 14:14:11,31.8,83,397,0,Moderate,0,PossiblyOccupied
7/19/2026 14:14:22,31.8,83,397,0,Moderate,0,PossiblyOccupied
7/19/2026 14:14:31,31.8,83,392,0,Moderate,0,PossiblyOccupied
7/19/2026 14:14:42,31.8,83,391,0,Moderate,0,PossiblyOccupied
7/19/2026 14:14:51,31.8,83,391,0,Moderate,0,PossiblyOccupied
7/19/2026 14:15:01,31.8,83,396,0,Moderate,0,PossiblyOccupied
7/19/2026 14:15:11,31.8,83,396,0,Moderate,0,PossiblyOccupied
7/19/2026 14:15:21,31.8,83,396,0,Moderate,0,PossiblyOccupied
7/19/2026 14:15:31,31.8,83,396,0,Moderate,0,PossiblyOccupied
7/19/2026 14:15:41,31.8,83,397,0,Moderate,0,PossiblyOccupied
7/19/2026 14:15:51,31.8,83,389,0,Moderate,0,PossiblyOccupied
7/19/2026 14:16:01,31.8,83,389,0,Moderate,0,PossiblyOccupied
7/19/2026 14:16:11,31.8,83,392,0,Moderate,0,PossiblyOccupied
7/19/2026 14:16:21,31.8,83,384,0,Moderate,0,PossiblyOccupied
7/19/2026 14:16:32,31.8,83,397,0,Moderate,0,PossiblyOccupied
7/19/2026 14:16:41,31.8,83,393,0,Moderate,0,PossiblyOccupied
7/19/2026 14:16:51,31.8,83,392,0,Moderate,0,PossiblyOccupied
7/19/2026 14:17:01,31.8,83,386,0,Moderate,0,PossiblyOccupied
7/19/2026 14:17:11,31.8,83,390,0,Moderate,0,PossiblyOccupied
7/19/2026 14:17:22,31.8,83,386,0,Moderate,0,PossiblyOccupied
7/19/2026 14:17:31,31.8,83,389,0,Moderate,0,PossiblyOccupied
7/19/2026 14:17:41,31.8,83,389,0,Moderate,0,PossiblyOccupied
7/19/2026 14:17:51,31.8,83,390,0,Moderate,0,PossiblyOccupied
7/19/2026 14:18:01,31.8,83,389,0,Moderate,0,PossiblyOccupied
7/19/2026 14:18:11,31.8,83,388,0,Moderate,0,PossiblyOccupied
7/19/2026 14:18:21,31.8,83,389,0,Moderate,0,PossiblyOccupied
7/19/2026 14:18:31,31.8,83,384,0,Moderate,0,PossiblyOccupied
7/19/2026 14:18:41,31.8,83,388,0,Moderate,0,PossiblyOccupied
7/19/2026 14:18:51,31.8,83,381,0,Moderate,0,PossiblyOccupied
7/19/2026 14:19:01,31.8,83,381,0,Moderate,0,PossiblyOccupied
7/19/2026 14:19:14,31.8,83,387,0,Moderate,0,PossiblyOccupied
7/19/2026 14:19:22,31.8,83,381,0,Moderate,0,PossiblyOccupied
7/19/2026 14:19:31,31.8,83,381,0,Moderate,0,PossiblyOccupied
7/19/2026 14:19:41,31.8,83,387,0,Moderate,0,PossiblyOccupied
7/19/2026 14:19:51,31.8,83,387,0,Moderate,0,PossiblyOccupied
7/19/2026 14:20:01,31.8,83,387,0,Moderate,0,PossiblyOccupied
7/19/2026 14:20:11,31.8,82,380,0,Moderate,0,PossiblyOccupied
7/19/2026 14:20:21,31.8,82,386,0,Moderate,0,PossiblyOccupied
7/19/2026 14:20:31,31.8,82,386,0,Moderate,0,PossiblyOccupied
7/19/2026 14:20:41,31.8,82,386,0,Moderate,0,PossiblyOccupied
7/19/2026 14:20:50,31.8,82,381,0,Moderate,0,PossiblyOccupied
7/19/2026 14:21:01,31.8,82,387,0,Moderate,0,PossiblyOccupied
7/19/2026 14:21:10,31.8,82,386,0,Moderate,0,PossiblyOccupied
7/19/2026 14:21:21,31.8,82,384,0,Moderate,0,PossiblyOccupied
7/19/2026 14:21:30,31.8,82,385,0,Moderate,0,PossiblyOccupied
7/19/2026 14:21:42,31.8,82,384,0,Moderate,0,PossiblyOccupied
7/19/2026 14:21:50,31.8,81,378,0,Moderate,0,PossiblyOccupied
7/19/2026 14:22:00,31.8,81,384,0,Moderate,0,PossiblyOccupied
7/19/2026 14:22:10,31.8,81,384,0,Moderate,0,PossiblyOccupied
7/19/2026 14:22:20,31.8,81,382,0,Moderate,0,PossiblyOccupied
7/19/2026 14:22:31,31.8,82,384,0,Moderate,0,PossiblyOccupied
7/19/2026 14:22:41,31.8,82,384,0,Moderate,0,PossiblyOccupied
7/19/2026 14:22:51,31.8,82,378,0,Moderate,0,PossiblyOccupied
7/19/2026 14:23:01,31.8,82,384,0,Moderate,0,PossiblyOccupied
7/19/2026 14:23:10,31.8,82,382,0,Moderate,0,PossiblyOccupied
7/19/2026 14:23:21,31.8,82,382,0,Moderate,0,PossiblyOccupied
7/19/2026 14:23:31,31.8,82,377,0,Moderate,0,PossiblyOccupied
7/19/2026 14:23:41,31.8,82,381,0,Moderate,0,PossiblyOccupied
7/19/2026 14:23:51,31.8,82,379,0,Moderate,0,PossiblyOccupied
7/19/2026 14:24:01,31.8,83,379,0,Moderate,0,PossiblyOccupied
7/19/2026 14:24:11,31.8,82,380,0,Moderate,0,PossiblyOccupied
7/19/2026 14:24:21,31.8,83,376,0,Moderate,0,PossiblyOccupied
7/19/2026 14:24:31,31.8,83,376,0,Moderate,0,PossiblyOccupied
7/19/2026 14:24:41,31.8,83,379,0,Moderate,0,PossiblyOccupied
7/19/2026 14:24:51,31.8,82,375,0,Moderate,0,PossiblyOccupied
7/19/2026 14:25:00,31.8,82,377,0,Moderate,0,PossiblyOccupied
7/19/2026 14:25:11,31.8,82,381,0,Moderate,0,PossiblyOccupied
7/19/2026 14:25:20,31.8,82,380,0,Moderate,0,PossiblyOccupied
7/19/2026 14:25:31,31.8,82,375,0,Moderate,0,PossiblyOccupied
7/19/2026 14:25:40,31.8,82,375,0,Moderate,0,PossiblyOccupied
7/19/2026 14:25:51,31.8,82,379,0,Moderate,0,PossiblyOccupied
7/19/2026 14:26:04,31.8,82,379,0,Moderate,0,PossiblyOccupied
7/19/2026 14:26:11,31.8,82,375,0,Moderate,0,PossiblyOccupied
7/19/2026 14:26:21,31.8,82,379,0,Moderate,0,PossiblyOccupied
7/19/2026 14:26:30,31.8,82,374,0,Moderate,0,PossiblyOccupied
7/19/2026 14:26:41,31.8,82,378,0,Moderate,0,PossiblyOccupied
7/19/2026 14:26:51,31.8,82,378,0,Moderate,0,PossiblyOccupied
7/19/2026 14:27:01,31.8,82,377,0,Moderate,0,PossiblyOccupied
7/19/2026 14:27:11,31.8,82,377,0,Moderate,0,PossiblyOccupied
7/19/2026 14:27:21,31.8,82,378,0,Moderate,0,PossiblyOccupied
7/19/2026 14:27:31,31.8,82,378,0,Moderate,0,PossiblyOccupied
7/19/2026 14:27:41,31.8,82,374,0,Moderate,0,PossiblyOccupied
7/19/2026 14:27:51,31.8,82,378,0,Moderate,0,PossiblyOccupied
7/19/2026 14:28:01,31.8,82,377,0,Moderate,0,PossiblyOccupied
7/19/2026 14:28:11,31.8,82,374,0,Moderate,0,PossiblyOccupied
7/19/2026 14:28:21,31.8,82,377,0,Moderate,0,PossiblyOccupied
7/19/2026 14:28:31,31.8,82,377,0,Moderate,0,PossiblyOccupied
7/19/2026 14:28:41,31.8,82,372,0,Moderate,0,PossiblyOccupied
7/19/2026 14:28:51,31.6,82,377,0,Moderate,0,PossiblyOccupied
7/19/2026 14:29:01,31.4,82,376,0,Moderate,0,PossiblyOccupied
7/19/2026 14:29:11,31.4,82,376,0,Moderate,0,PossiblyOccupied
7/19/2026 14:29:21,31.3,82,368,0,Moderate,0,PossiblyOccupied
7/19/2026 14:29:31,31.3,82,375,0,Moderate,0,PossiblyOccupied
7/19/2026 14:29:41,31.3,82,375,0,Moderate,0,PossiblyOccupied
7/19/2026 14:29:51,31.3,82,375,0,Moderate,0,PossiblyOccupied
7/19/2026 14:30:01,31.3,81,376,0,Moderate,0,PossiblyOccupied
7/19/2026 14:30:14,31.8,82,377,0,Moderate,0,PossiblyOccupied
7/19/2026 14:30:31,31.8,81,369,0,Moderate,0,PossiblyOccupied
7/19/2026 14:30:43,31.8,81,376,0,Moderate,0,PossiblyOccupied
7/19/2026 14:30:51,31.8,81,376,0,Moderate,0,PossiblyOccupied
7/19/2026 14:31:03,31.8,80,369,0,Moderate,0,PossiblyOccupied
7/19/2026 14:31:11,31.8,80,369,0,Moderate,0,PossiblyOccupied
7/19/2026 14:31:22,31.8,80,368,0,Moderate,0,PossiblyOccupied
7/19/2026 14:31:31,31.8,80,368,0,Moderate,0,PossiblyOccupied
7/19/2026 14:31:41,31.8,80,368,0,Moderate,0,PossiblyOccupied
7/19/2026 14:31:51,31.8,80,367,0,Moderate,0,PossiblyOccupied
7/19/2026 14:32:01,31.8,80,368,0,Moderate,0,PossiblyOccupied
7/19/2026 14:32:11,31.8,81,375,0,Moderate,0,PossiblyOccupied
7/19/2026 14:32:21,31.3,81,373,0,Moderate,0,PossiblyOccupied
7/19/2026 14:32:31,31.3,81,365,0,Moderate,0,PossiblyOccupied
7/19/2026 14:32:41,31.3,81,369,0,Moderate,0,PossiblyOccupied
7/19/2026 14:32:51,31.3,81,373,0,Moderate,0,PossiblyOccupied
7/19/2026 14:33:01,31.3,82,373,0,Moderate,0,PossiblyOccupied
7/19/2026 14:33:11,31.4,81,367,0,Moderate,0,PossiblyOccupied
7/19/2026 14:33:21,31.8,81,367,0,Moderate,0,PossiblyOccupied
7/19/2026 14:33:31,31.8,81,368,0,Moderate,0,PossiblyOccupied
7/19/2026 14:33:41,31.8,81,374,0,Moderate,0,PossiblyOccupied
7/19/2026 14:33:51,31.8,81,374,0,Moderate,0,PossiblyOccupied
7/19/2026 14:34:01,31.8,81,374,0,Moderate,0,PossiblyOccupied
7/19/2026 14:34:11,31.8,81,367,0,Moderate,0,PossiblyOccupied
7/19/2026 14:34:21,31.8,81,373,0,Moderate,0,PossiblyOccupied
7/19/2026 14:34:31,31.8,81,364,0,Moderate,0,PossiblyOccupied
7/19/2026 14:34:41,31.8,81,369,0,Moderate,0,PossiblyOccupied
7/19/2026 14:34:51,31.8,81,368,0,Moderate,0,PossiblyOccupied
7/19/2026 14:35:01,31.8,81,367,0,Moderate,0,PossiblyOccupied
7/19/2026 14:35:11,31.8,81,368,0,Moderate,0,PossiblyOccupied
7/19/2026 14:35:21,31.8,81,364,0,Moderate,0,PossiblyOccupied
7/19/2026 14:35:31,31.8,81,368,0,Moderate,0,PossiblyOccupied
7/19/2026 14:35:42,31.8,81,368,0,Moderate,0,PossiblyOccupied
7/19/2026 14:35:51,31.4,81,367,0,Moderate,0,PossiblyOccupied
7/19/2026 14:36:01,31.3,81,367,0,Moderate,0,PossiblyOccupied
7/19/2026 14:36:11,31.3,81,363,0,Moderate,0,PossiblyOccupied
7/19/2026 14:36:21,31.3,81,364,0,Moderate,0,PossiblyOccupied
7/19/2026 23:31:10,30.8,91,866,1,Poor,1,Unoccupied
7/19/2026 23:31:32,30.8,90,866,1,Poor,1,Unoccupied
7/19/2026 23:31:53,30.8,90,861,1,Poor,1,Unoccupied
7/19/2026 23:32:17,30.8,90,862,1,Poor,1,Unoccupied
7/19/2026 23:32:40,30.8,90,856,1,Poor,1,Unoccupied
7/19/2026 23:33:05,30.8,90,856,1,Poor,1,Unoccupied
7/19/2026 23:33:26,30.8,90,900,1,Poor,1,Unoccupied
7/19/2026 23:33:51,30.8,91,843,1,Poor,1,Unoccupied
7/19/2026 23:34:16,30.8,90,763,1,Poor,1,Unoccupied
7/19/2026 23:34:32,30.8,91,894,1,Poor,1,Unoccupied
7/19/2026 23:34:56,30.8,90,881,1,Poor,1,Unoccupied
7/19/2026 23:35:21,30.8,90,880,1,Poor,1,Unoccupied
7/19/2026 23:35:45,30.8,90,897,0,Poor,1,PossiblyOccupied
7/19/2026 23:36:12,30.8,90,890,0,Poor,1,PossiblyOccupied
7/19/2026 23:36:27,30.8,90,890,0,Poor,1,PossiblyOccupied
7/19/2026 23:36:41,30.8,90,898,1,Poor,1,Unoccupied
7/19/2026 23:37:02,30.8,90,893,1,Poor,1,Unoccupied
7/19/2026 23:37:10,30.8,90,902,1,Poor,1,Unoccupied
7/19/2026 23:37:20,30.8,90,898,1,Poor,1,Unoccupied
7/19/2026 23:37:30,30.8,91,898,1,Poor,1,Unoccupied
7/19/2026 23:37:40,30.8,91,898,1,Poor,1,Unoccupied
7/19/2026 23:37:50,30.8,91,894,1,Poor,1,Unoccupied
7/19/2026 23:38:00,30.8,91,895,1,Poor,1,Unoccupied
7/19/2026 23:38:10,30.8,91,901,1,Poor,1,Unoccupied
7/19/2026 23:38:20,30.8,91,903,1,Poor,1,Unoccupied
7/19/2026 23:38:30,30.8,91,902,1,Poor,1,Unoccupied
7/19/2026 23:38:40,30.8,91,903,1,Poor,1,Unoccupied
7/19/2026 23:38:50,30.8,91,898,1,Poor,1,Unoccupied
7/19/2026 23:39:00,30.8,91,905,1,Poor,1,Unoccupied
7/19/2026 23:39:11,30.8,91,905,1,Poor,1,Unoccupied
7/19/2026 23:39:20,30.8,91,902,1,Poor,1,Unoccupied
7/19/2026 23:39:33,30.8,91,905,1,Poor,1,Unoccupied
7/19/2026 23:39:41,30.8,91,898,1,Poor,1,Unoccupied
7/19/2026 23:39:50,30.8,91,902,1,Poor,1,Unoccupied
7/19/2026 23:40:00,30.8,91,902,1,Poor,1,Unoccupied
7/19/2026 23:40:11,30.8,91,905,1,Poor,1,Unoccupied
7/19/2026 23:40:20,30.8,91,903,1,Poor,1,Unoccupied
7/19/2026 23:40:31,30.8,91,904,1,Poor,1,Unoccupied
7/19/2026 23:40:41,30.8,91,905,1,Poor,1,Unoccupied
7/19/2026 23:40:50,30.8,91,900,1,Poor,1,Unoccupied
7/19/2026 23:41:00,30.8,91,895,1,Poor,1,Unoccupied
7/19/2026 23:41:11,30.8,91,905,1,Poor,1,Unoccupied
7/19/2026 23:41:20,30.8,91,905,1,Poor,1,Unoccupied
7/19/2026 23:41:31,30.8,91,905,1,Poor,1,Unoccupied
7/19/2026 23:41:40,30.8,91,905,1,Poor,1,Unoccupied
7/19/2026 23:41:53,30.8,91,905,1,Poor,1,Unoccupied
7/19/2026 23:42:31,30.8,91,900,1,Poor,1,Unoccupied
7/19/2026 23:42:56,30.8,91,901,1,Poor,1,Unoccupied
7/19/2026 23:43:13,30.8,91,900,1,Poor,1,Unoccupied
7/19/2026 23:43:45,30.8,91,902,1,Poor,1,Unoccupied
7/19/2026 23:44:15,30.8,91,902,1,Poor,1,Unoccupied
7/19/2026 23:44:38,30.8,90,904,1,Poor,1,Unoccupied
7/19/2026 23:45:01,30.8,90,906,1,Poor,1,Unoccupied
7/19/2026 23:45:28,30.8,90,903,1,Poor,1,Unoccupied
7/19/2026 23:45:57,30.8,91,904,1,Poor,1,Unoccupied
7/19/2026 23:46:11,30.8,91,905,1,Poor,1,Unoccupied
7/19/2026 23:46:20,30.8,91,906,1,Poor,1,Unoccupied
7/19/2026 23:46:31,30.8,91,906,1,Poor,1,Unoccupied
7/19/2026 23:46:40,30.8,91,907,1,Poor,1,Unoccupied
7/19/2026 23:46:50,30.8,91,904,1,Poor,1,Unoccupied
7/19/2026 23:47:01,30.8,91,906,1,Poor,1,Unoccupied
7/19/2026 23:47:10,30.8,91,906,1,Poor,1,Unoccupied
7/19/2026 23:47:20,30.8,91,906,1,Poor,1,Unoccupied
7/19/2026 23:47:31,30.8,91,903,1,Poor,1,Unoccupied
7/19/2026 23:47:40,30.8,91,907,1,Poor,1,Unoccupied
7/19/2026 23:47:50,30.8,91,907,1,Poor,1,Unoccupied
7/19/2026 23:48:00,30.8,91,907,1,Poor,1,Unoccupied
7/19/2026 23:48:10,30.8,91,907,1,Poor,1,Unoccupied
7/19/2026 23:48:20,30.8,91,907,1,Poor,1,Unoccupied
7/19/2026 23:48:30,30.8,91,907,1,Poor,1,Unoccupied
7/19/2026 23:48:40,30.8,91,904,1,Poor,1,Unoccupied
7/19/2026 23:48:50,30.8,91,907,1,Poor,1,Unoccupied
7/19/2026 23:49:00,30.8,91,907,1,Poor,1,Unoccupied
7/19/2026 23:49:10,30.8,91,907,1,Poor,1,Unoccupied
7/19/2026 23:49:20,30.8,91,907,1,Poor,1,Unoccupied
7/19/2026 23:49:31,30.8,91,903,1,Poor,1,Unoccupied
7/19/2026 23:49:40,30.8,91,907,1,Poor,1,Unoccupied
7/19/2026 23:49:50,30.8,91,906,0,Poor,1,PossiblyOccupied
7/19/2026 23:50:00,30.8,91,907,1,Poor,1,Unoccupied
7/19/2026 23:50:10,30.8,91,906,0,Poor,1,PossiblyOccupied
7/19/2026 23:50:20,30.8,91,907,1,Poor,1,Unoccupied
7/19/2026 23:50:30,30.8,91,904,1,Poor,1,Unoccupied
7/19/2026 23:50:40,30.8,91,927,1,Poor,1,Unoccupied
7/19/2026 23:50:50,30.8,91,925,0,Poor,1,PossiblyOccupied
7/19/2026 23:51:00,30.8,91,925,0,Poor,1,PossiblyOccupied
7/19/2026 23:51:10,30.8,91,926,0,Poor,1,PossiblyOccupied
7/19/2026 23:51:20,30.8,91,926,0,Poor,1,PossiblyOccupied
7/19/2026 23:51:30,30.8,91,927,1,Poor,1,Unoccupied
7/19/2026 23:51:40,30.8,91,918,1,Poor,1,Unoccupied
7/19/2026 23:51:50,30.8,91,922,1,Poor,1,Unoccupied
7/19/2026 23:52:13,30.8,90,916,1,Poor,1,Unoccupied
7/19/2026 23:52:36,30.8,91,916,1,Poor,1,Unoccupied
7/19/2026 23:52:57,30.8,91,909,1,Poor,1,Unoccupied
7/19/2026 23:53:12,30.8,91,912,1,Poor,1,Unoccupied
7/19/2026 23:53:35,30.8,91,912,1,Poor,1,Unoccupied
7/19/2026 23:53:59,30.8,91,912,1,Poor,1,Unoccupied
7/19/2026 23:54:14,31.1,91,912,1,Poor,1,Unoccupied
7/19/2026 23:54:56,31.3,91,913,1,Poor,1,Unoccupied
7/19/2026 23:55:36,31.3,91,914,1,Poor,1,Unoccupied
7/19/2026 23:56:04,30.8,90,913,1,Poor,1,Unoccupied
7/19/2026 23:56:42,30.8,91,913,1,Poor,1,Unoccupied
7/19/2026 23:56:59,30.8,91,913,1,Poor,1,Unoccupied
7/19/2026 23:57:33,30.8,91,914,1,Poor,1,Unoccupied
7/19/2026 23:57:57,30.8,91,913,1,Poor,1,Unoccupied
7/19/2026 23:58:29,30.8,90,913,1,Poor,1,Unoccupied
7/19/2026 23:58:57,30.8,91,913,1,Poor,1,Unoccupied
7/19/2026 23:59:24,30.8,91,913,1,Poor,1,Unoccupied
7/19/2026 23:59:47,30.8,91,913,1,Poor,1,Unoccupied
7/20/2026 0:00:07,31.3,90,914,1,Poor,1,Unoccupied
7/20/2026 0:00:31,30.8,90,914,1,Poor,1,Unoccupied
7/20/2026 0:00:52,30.8,91,914,1,Poor,1,Unoccupied
7/20/2026 0:01:06,30.8,91,914,1,Poor,1,Unoccupied
7/20/2026 0:01:27,30.8,91,915,1,Poor,1,Unoccupied
7/20/2026 0:02:10,30.8,91,915,1,Poor,1,Unoccupied
7/20/2026 0:02:29,30.8,91,916,1,Poor,1,Unoccupied
7/20/2026 0:03:03,30.8,91,917,1,Poor,1,Unoccupied
7/20/2026 0:03:12,30.8,91,932,1,Poor,1,Unoccupied
7/20/2026 0:03:21,30.8,91,917,1,Poor,1,Unoccupied
7/20/2026 0:03:37,30.8,91,885,1,Poor,1,Unoccupied
7/20/2026 0:04:01,30.8,91,895,1,Poor,1,Unoccupied
7/20/2026 0:04:23,30.8,91,906,1,Poor,1,Unoccupied
7/20/2026 0:04:50,30.8,91,890,1,Poor,1,Unoccupied
7/20/2026 0:05:15,30.8,90,895,1,Poor,1,Unoccupied
7/20/2026 0:05:30,30.8,90,876,1,Poor,1,Unoccupied
7/20/2026 0:05:36,30.8,90,874,1,Poor,1,Unoccupied
7/20/2026 0:05:42,30.8,90,874,1,Poor,1,Unoccupied
7/20/2026 0:05:51,30.8,90,879,1,Poor,1,Unoccupied
7/20/2026 0:06:00,30.8,90,878,1,Poor,1,Unoccupied
7/20/2026 0:06:10,30.8,90,870,1,Poor,1,Unoccupied
7/20/2026 0:06:20,30.8,90,870,1,Poor,1,Unoccupied
7/20/2026 0:06:30,30.8,90,870,1,Poor,1,Unoccupied
7/20/2026 0:06:40,30.8,91,864,1,Poor,1,Unoccupied
7/20/2026 0:06:50,30.8,91,867,1,Poor,1,Unoccupied
7/20/2026 0:07:00,30.8,91,859,1,Poor,1,Unoccupied
7/20/2026 0:07:10,30.8,91,859,1,Poor,1,Unoccupied
7/20/2026 0:07:20,30.8,91,865,1,Poor,1,Unoccupied
7/20/2026 0:07:30,30.8,91,861,1,Poor,1,Unoccupied
7/20/2026 0:07:40,30.8,91,859,1,Poor,1,Unoccupied
7/20/2026 0:07:50,30.8,91,857,1,Poor,1,Unoccupied
7/20/2026 0:08:00,30.8,91,860,1,Poor,1,Unoccupied
7/20/2026 0:08:10,30.8,91,857,1,Poor,1,Unoccupied
7/20/2026 0:08:20,30.8,90,853,1,Poor,1,Unoccupied
7/20/2026 0:08:30,30.8,91,900,1,Poor,1,Unoccupied
7/20/2026 0:08:40,30.8,91,895,1,Poor,1,Unoccupied
7/20/2026 0:08:51,30.8,91,913,1,Poor,1,Unoccupied
7/20/2026 0:09:00,30.8,91,909,1,Poor,1,Unoccupied
7/20/2026 0:09:10,30.8,91,895,1,Poor,1,Unoccupied
7/20/2026 0:09:20,30.8,91,890,1,Poor,1,Unoccupied
7/20/2026 0:09:30,30.8,91,893,1,Poor,1,Unoccupied
7/20/2026 0:09:40,30.8,91,894,1,Poor,1,Unoccupied
7/20/2026 0:10:03,30.8,91,916,1,Poor,1,Unoccupied
7/20/2026 0:10:26,30.8,91,905,1,Poor,1,Unoccupied
7/20/2026 0:10:43,30.8,90,912,1,Poor,1,Unoccupied
7/20/2026 0:11:13,30.8,90,915,1,Poor,1,Unoccupied
7/20/2026 0:11:37,30.8,90,933,1,Poor,1,Unoccupied
7/20/2026 0:11:43,30.8,90,928,1,Poor,1,Unoccupied
7/20/2026 0:11:50,30.8,90,933,1,Poor,1,Unoccupied
7/20/2026 0:12:00,30.8,90,934,1,Poor,1,Unoccupied
7/20/2026 0:12:10,30.8,90,932,1,Poor,1,Unoccupied
7/20/2026 0:12:20,30.8,90,886,1,Poor,1,Unoccupied
7/20/2026 0:12:30,30.8,90,858,1,Poor,1,Unoccupied
7/20/2026 0:12:40,30.8,90,894,1,Poor,1,Unoccupied
7/20/2026 0:12:50,30.8,90,898,1,Poor,1,Unoccupied
7/20/2026 0:13:00,30.8,90,879,1,Poor,1,Unoccupied
7/20/2026 0:13:10,30.8,90,878,1,Poor,1,Unoccupied
7/20/2026 0:13:20,30.8,90,868,1,Poor,1,Unoccupied
7/20/2026 0:13:31,30.8,90,876,1,Poor,1,Unoccupied
7/20/2026 0:13:43,30.8,90,889,1,Poor,1,Unoccupied
7/20/2026 0:14:07,30.9,90,884,1,Poor,1,Unoccupied
7/20/2026 0:14:30,30.8,90,894,1,Poor,1,Unoccupied
7/20/2026 0:14:58,31.2,90,970,1,Poor,1,Unoccupied
7/20/2026 0:15:20,30.8,90,957,1,Poor,1,Unoccupied
7/20/2026 0:15:34,30.8,90,957,1,Poor,1,Unoccupied
7/20/2026 0:15:49,30.8,90,960,1,Poor,1,Unoccupied
7/20/2026 0:15:56,30.8,90,961,1,Poor,1,Unoccupied
7/20/2026 0:16:02,30.3,90,961,1,Poor,1,Unoccupied
7/20/2026 0:16:10,30.2,91,963,1,Poor,1,Unoccupied
7/20/2026 0:16:20,30.2,91,962,1,Poor,1,Unoccupied
7/20/2026 0:16:30,30.2,91,963,1,Poor,1,Unoccupied
7/20/2026 0:16:50,30.2,91,960,1,Poor,1,Unoccupied
7/20/2026 0:17:11,29.8,92,960,1,Poor,1,Unoccupied
7/20/2026 0:17:32,29.8,92,961,1,Poor,1,Unoccupied
7/20/2026 0:17:55,29.8,92,948,1,Poor,1,Unoccupied
7/20/2026 0:18:19,29.8,93,920,1,Poor,1,Unoccupied
7/20/2026 0:18:48,0,94,985,1,Poor,1,Unoccupied
7/20/2026 0:19:00,30.2,91,986,1,Poor,1,Unoccupied
7/20/2026 0:19:18,30.2,91,989,1,Poor,1,Unoccupied
7/20/2026 0:19:39,30.2,91,991,1,Poor,1,Unoccupied
7/20/2026 0:20:03,30.2,91,991,1,Poor,1,Unoccupied
7/20/2026 0:20:28,30.8,91,991,1,Poor,1,Unoccupied
7/20/2026 0:20:52,30.8,91,991,1,Poor,1,Unoccupied
7/20/2026 0:21:16,30.8,91,991,1,Poor,1,Unoccupied
7/20/2026 0:21:45,30.8,90,992,1,Poor,1,Unoccupied
7/20/2026 0:22:08,30.8,90,992,1,Poor,1,Unoccupied
7/20/2026 0:22:33,30.8,90,992,1,Poor,1,Unoccupied
7/20/2026 0:22:57,30.8,89,992,1,Poor,1,Unoccupied
7/20/2026 0:23:20,30.8,89,992,1,Poor,1,Unoccupied
7/20/2026 0:23:40,30.8,89,994,1,Poor,1,Unoccupied
7/20/2026 0:24:06,30.8,89,994,1,Poor,1,Unoccupied
7/20/2026 0:24:30,30.8,89,994,1,Poor,1,Unoccupied
7/20/2026 0:25:10,31.3,89,994,1,Poor,1,Unoccupied
7/20/2026 0:25:36,31.3,89,994,1,Poor,1,Unoccupied
7/20/2026 0:25:59,31.3,89,994,1,Poor,1,Unoccupied
7/20/2026 0:26:23,31.3,88,994,1,Poor,1,Unoccupied
7/20/2026 0:26:44,31.3,88,993,1,Poor,1,Unoccupied
7/20/2026 0:27:04,31.3,88,994,1,Poor,1,Unoccupied
7/20/2026 0:27:27,31.3,88,994,1,Poor,1,Unoccupied
7/20/2026 0:27:50,31.3,88,994,1,Poor,1,Unoccupied
7/20/2026 0:28:13,31.3,88,994,1,Poor,1,Unoccupied
7/20/2026 0:28:36,31.3,88,994,1,Poor,1,Unoccupied
7/20/2026 0:28:56,31.3,87,994,1,Poor,1,Unoccupied
7/20/2026 0:29:20,31.3,87,994,1,Poor,1,Unoccupied
7/20/2026 0:29:41,31.3,87,994,1,Poor,1,Unoccupied
7/20/2026 0:29:47,31.3,88,994,1,Poor,1,Unoccupied
7/20/2026 0:29:53,31.3,88,994,1,Poor,1,Unoccupied
7/20/2026 0:30:00,31.3,88,997,1,Poor,1,Unoccupied
7/20/2026 0:30:10,31.3,88,997,1,Poor,1,Unoccupied
7/20/2026 0:30:20,31.3,88,997,1,Poor,1,Unoccupied
7/20/2026 0:30:30,31.3,88,997,1,Poor,1,Unoccupied
7/20/2026 0:30:40,31.3,88,997,1,Poor,1,Unoccupied
7/20/2026 0:30:50,31.3,88,997,1,Poor,1,Unoccupied
7/20/2026 0:31:00,31.3,88,997,1,Poor,1,Unoccupied
7/20/2026 0:31:10,31.3,88,997,1,Poor,1,Unoccupied
7/20/2026 0:31:20,31.3,88,997,1,Poor,1,Unoccupied
7/20/2026 0:31:30,31.3,88,997,1,Poor,1,Unoccupied
7/20/2026 0:31:40,31.3,88,997,1,Poor,1,Unoccupied
7/20/2026 0:31:50,31.3,87,997,1,Poor,1,Unoccupied
7/20/2026 0:32:00,31.3,87,997,1,Poor,1,Unoccupied
7/20/2026 0:32:10,31.3,87,997,1,Poor,1,Unoccupied
7/20/2026 0:32:20,31.3,87,997,1,Poor,1,Unoccupied
7/20/2026 0:32:30,31.3,87,997,1,Poor,1,Unoccupied
7/20/2026 0:32:40,31.3,87,997,1,Poor,1,Unoccupied
7/20/2026 0:32:50,31.3,87,997,1,Poor,1,Unoccupied
7/20/2026 0:33:00,31.3,87,996,1,Poor,1,Unoccupied
7/20/2026 0:33:10,31.3,87,997,1,Poor,1,Unoccupied
7/20/2026 0:33:20,31.3,87,996,1,Poor,1,Unoccupied
7/20/2026 0:33:30,31.3,87,997,1,Poor,1,Unoccupied
7/20/2026 0:33:40,31.3,87,996,1,Poor,1,Unoccupied
7/20/2026 0:33:50,31.3,87,996,1,Poor,1,Unoccupied
7/20/2026 0:34:00,31.3,87,997,1,Poor,1,Unoccupied
7/20/2026 0:34:10,31.3,87,997,1,Poor,1,Unoccupied
7/20/2026 0:34:20,31.3,87,993,1,Poor,1,Unoccupied
7/20/2026 0:34:30,31.3,87,997,1,Poor,1,Unoccupied
7/20/2026 0:34:40,31.3,87,997,1,Poor,1,Unoccupied
7/20/2026 0:34:50,31.3,87,997,1,Poor,1,Unoccupied
7/20/2026 0:35:00,31.3,87,997,1,Poor,1,Unoccupied
7/20/2026 0:35:10,31.3,87,997,1,Poor,1,Unoccupied
7/20/2026 0:35:20,31.3,87,996,1,Poor,1,Unoccupied
7/20/2026 0:35:30,31.3,87,997,1,Poor,1,Unoccupied
7/20/2026 0:35:40,31.3,87,992,1,Poor,1,Unoccupied
7/20/2026 0:35:53,31.3,87,993,1,Poor,1,Unoccupied
7/20/2026 0:36:00,31.3,87,996,1,Poor,1,Unoccupied
7/20/2026 0:36:10,31.3,87,997,1,Poor,1,Unoccupied
7/20/2026 0:36:20,31.3,87,997,1,Poor,1,Unoccupied
7/20/2026 0:36:30,31.3,87,997,1,Poor,1,Unoccupied
7/20/2026 0:36:41,31.3,87,997,1,Poor,1,Unoccupied
7/20/2026 0:36:53,31.3,87,997,1,Poor,1,Unoccupied
7/20/2026 0:37:01,31.3,87,997,1,Poor,1,Unoccupied
7/20/2026 0:37:10,31.3,87,997,1,Poor,1,Unoccupied
7/20/2026 0:37:20,31.3,87,997,1,Poor,1,Unoccupied
7/20/2026 0:37:30,31.3,87,997,1,Poor,1,Unoccupied
7/20/2026 0:37:40,31.3,87,997,1,Poor,1,Unoccupied
7/20/2026 0:37:50,31.3,87,997,1,Poor,1,Unoccupied
7/20/2026 0:38:00,31.3,87,997,1,Poor,1,Unoccupied
7/20/2026 0:38:10,31.3,88,996,1,Poor,1,Unoccupied
7/20/2026 0:38:20,31.3,87,997,1,Poor,1,Unoccupied
7/20/2026 0:38:30,31.3,87,997,1,Poor,1,Unoccupied
7/20/2026 0:38:40,31.3,87,997,1,Poor,1,Unoccupied
7/20/2026 0:38:50,31.3,87,997,1,Poor,1,Unoccupied
7/20/2026 0:39:00,31.3,87,997,1,Poor,1,Unoccupied
7/20/2026 0:39:10,31.3,87,993,1,Poor,1,Unoccupied
7/20/2026 0:39:21,31.3,87,997,1,Poor,1,Unoccupied
7/20/2026 0:39:30,31.3,87,997,1,Poor,1,Unoccupied
7/20/2026 0:39:40,31.3,87,997,1,Poor,1,Unoccupied
7/20/2026 0:39:50,31.3,87,994,1,Poor,1,Unoccupied
7/20/2026 0:40:00,31.8,87,997,1,Poor,1,Unoccupied
7/20/2026 0:40:10,31.8,87,997,1,Poor,1,Unoccupied
7/20/2026 0:40:21,31.8,87,997,1,Poor,1,Unoccupied
7/20/2026 0:40:30,31.8,86,996,1,Poor,1,Unoccupied
7/20/2026 0:40:40,31.8,86,997,1,Poor,1,Unoccupied
7/20/2026 0:40:50,31.8,86,993,1,Poor,1,Unoccupied
7/20/2026 0:41:00,31.8,86,993,1,Poor,1,Unoccupied
7/20/2026 0:41:10,31.8,86,997,1,Poor,1,Unoccupied
7/20/2026 0:41:23,31.8,86,997,1,Poor,1,Unoccupied
7/20/2026 0:41:33,31.8,86,992,1,Poor,1,Unoccupied
7/20/2026 0:41:40,31.8,85,997,1,Poor,1,Unoccupied
7/20/2026 0:41:50,31.8,85,997,1,Poor,1,Unoccupied
7/20/2026 0:42:00,31.8,85,997,1,Poor,1,Unoccupied
7/20/2026 0:42:10,31.8,85,997,1,Poor,1,Unoccupied
7/20/2026 0:42:21,31.8,85,997,1,Poor,1,Unoccupied
7/20/2026 0:42:30,31.8,86,997,1,Poor,1,Unoccupied
7/20/2026 0:42:40,31.8,86,994,1,Poor,1,Unoccupied
7/20/2026 0:42:50,31.3,86,996,1,Poor,1,Unoccupied
7/20/2026 0:43:00,31.3,86,997,1,Poor,1,Unoccupied
7/20/2026 0:43:10,31.3,87,997,1,Poor,1,Unoccupied
7/20/2026 0:43:20,31.3,87,996,1,Poor,1,Unoccupied
7/20/2026 0:43:30,31.3,87,997,1,Poor,1,Unoccupied
7/20/2026 0:43:40,31.3,87,997,1,Poor,1,Unoccupied
7/20/2026 0:43:50,31.3,87,997,1,Poor,1,Unoccupied
7/20/2026 0:44:00,31.3,87,996,1,Poor,1,Unoccupied
7/20/2026 0:44:10,31.3,87,997,1,Poor,1,Unoccupied
7/20/2026 0:44:20,31.3,87,997,1,Poor,1,Unoccupied
7/20/2026 0:44:33,31.3,87,993,1,Poor,1,Unoccupied
7/20/2026 0:55:43,30.8,88,993,1,Poor,1,Unoccupied
7/20/2026 0:55:50,30.8,88,993,1,Poor,1,Unoccupied
7/20/2026 0:56:11,30.8,88,992,1,Poor,1,Unoccupied
7/20/2026 0:56:37,30.8,88,993,1,Poor,1,Unoccupied
7/20/2026 0:56:43,30.8,88,994,1,Poor,1,Unoccupied
7/20/2026 0:56:51,30.8,88,993,1,Poor,1,Unoccupied
7/20/2026 0:57:00,30.8,88,997,1,Poor,1,Unoccupied
7/20/2026 0:57:10,30.8,88,997,1,Poor,1,Unoccupied
7/20/2026 0:57:20,30.8,88,996,1,Poor,1,Unoccupied
7/20/2026 0:57:30,30.8,88,997,1,Poor,1,Unoccupied
7/20/2026 0:57:53,30.8,88,992,1,Poor,1,Unoccupied
7/20/2026 0:58:15,30.8,88,993,1,Poor,1,Unoccupied
7/20/2026 0:58:36,30.8,88,993,1,Poor,1,Unoccupied
7/20/2026 0:58:47,30.8,88,993,1,Poor,1,Unoccupied
7/20/2026 0:58:52,30.8,88,993,1,Poor,1,Unoccupied
7/20/2026 0:59:03,30.8,88,993,1,Poor,1,Unoccupied
7/20/2026 0:59:26,30.8,88,993,1,Poor,1,Unoccupied
7/20/2026 0:59:36,30.8,88,993,1,Poor,1,Unoccupied
7/20/2026 0:59:41,30.8,88,992,1,Poor,1,Unoccupied
7/20/2026 1:00:05,30.8,88,993,1,Poor,1,Unoccupied
7/20/2026 1:00:18,30.8,88,992,1,Poor,1,Unoccupied
7/20/2026 1:00:24,30.8,88,993,1,Poor,1,Unoccupied
7/20/2026 1:00:30,30.8,88,992,1,Poor,1,Unoccupied
7/20/2026 1:00:40,30.8,88,997,1,Poor,1,Unoccupied
7/20/2026 1:00:50,30.8,88,996,1,Poor,1,Unoccupied
7/20/2026 1:01:00,30.8,88,992,1,Poor,1,Unoccupied
7/20/2026 1:01:10,30.8,88,996,1,Poor,1,Unoccupied
7/20/2026 1:02:07,31.3,90,996,1,Poor,1,Unoccupied
7/20/2026 1:02:29,31.3,88,992,1,Poor,1,Unoccupied
7/20/2026 1:02:37,31.3,88,992,1,Poor,1,Unoccupied
7/20/2026 1:02:46,31.3,88,992,1,Poor,1,Unoccupied
7/20/2026 1:02:56,31.3,88,997,1,Poor,1,Unoccupied
7/20/2026 1:03:06,31.3,88,996,1,Poor,1,Unoccupied
7/20/2026 1:03:16,31.3,88,997,1,Poor,1,Unoccupied
7/20/2026 1:03:26,31.3,88,996,1,Poor,1,Unoccupied
7/20/2026 1:03:36,31.3,88,997,1,Poor,1,Unoccupied
7/20/2026 1:03:46,31.3,88,997,1,Poor,1,Unoccupied
7/20/2026 1:03:56,31.3,88,996,1,Poor,1,Unoccupied
7/20/2026 1:04:06,31.3,88,996,1,Poor,1,Unoccupied
7/20/2026 1:04:16,31.3,88,996,1,Poor,1,Unoccupied
7/20/2026 1:04:26,31.3,88,996,1,Poor,1,Unoccupied
7/20/2026 1:04:36,31.3,88,996,1,Poor,1,Unoccupied
7/20/2026 1:04:46,30.9,88,993,1,Poor,1,Unoccupied
7/20/2026 1:04:56,30.8,88,992,1,Poor,1,Unoccupied
7/20/2026 1:05:06,31,88,996,1,Poor,1,Unoccupied
7/20/2026 1:05:16,31.3,88,997,1,Poor,1,Unoccupied
7/20/2026 1:05:26,31.3,88,996,1,Poor,1,Unoccupied
7/20/2026 1:05:36,31.3,88,996,1,Poor,1,Unoccupied
7/20/2026 1:05:46,31.3,88,996,1,Poor,1,Unoccupied
7/20/2026 1:05:56,31.3,88,997,1,Poor,1,Unoccupied
7/20/2026 1:06:06,31.3,88,996,1,Poor,1,Unoccupied
7/20/2026 1:06:16,31.3,88,993,1,Poor,1,Unoccupied
7/20/2026 1:06:26,31.3,88,996,1,Poor,1,Unoccupied
7/20/2026 1:06:36,31.3,88,996,1,Poor,1,Unoccupied
7/20/2026 1:06:46,31.3,88,996,1,Poor,1,Unoccupied
7/20/2026 1:06:56,31.3,88,992,1,Poor,1,Unoccupied
7/20/2026 1:07:06,31.3,88,996,1,Poor,1,Unoccupied
7/20/2026 1:07:16,31.3,88,996,1,Poor,1,Unoccupied
7/20/2026 1:07:26,31.3,88,997,1,Poor,1,Unoccupied
7/20/2026 1:07:36,31.3,87,996,1,Poor,1,Unoccupied
7/20/2026 1:07:46,31.3,87,992,1,Poor,1,Unoccupied
7/20/2026 1:07:59,31.3,87,996,1,Poor,1,Unoccupied
7/20/2026 1:08:09,31.3,87,992,1,Poor,1,Unoccupied
7/20/2026 1:08:16,31.3,87,996,1,Poor,1,Unoccupied
7/20/2026 1:08:26,31.3,87,996,1,Poor,1,Unoccupied
7/20/2026 1:08:36,31.3,87,996,1,Poor,1,Unoccupied
7/20/2026 1:08:46,31.3,87,996,1,Poor,1,Unoccupied
7/20/2026 1:08:56,31.3,87,996,1,Poor,1,Unoccupied
7/20/2026 1:09:06,31.3,87,996,1,Poor,1,Unoccupied
7/20/2026 1:09:16,31.3,87,997,1,Poor,1,Unoccupied
7/20/2026 1:09:26,31.3,87,996,1,Poor,1,Unoccupied
7/20/2026 1:09:36,31.3,87,996,1,Poor,1,Unoccupied
7/20/2026 1:09:46,31.3,87,996,1,Poor,1,Unoccupied
7/20/2026 1:09:56,31.3,87,996,1,Poor,1,Unoccupied
7/20/2026 1:10:06,31.3,87,996,1,Poor,1,Unoccupied
7/20/2026 1:10:15,31.3,87,996,1,Poor,1,Unoccupied
7/20/2026 1:10:26,31.3,87,996,1,Poor,1,Unoccupied
7/20/2026 1:10:35,31.3,87,996,1,Poor,1,Unoccupied
7/20/2026 1:10:46,31.3,87,996,1,Poor,1,Unoccupied
7/20/2026 1:10:56,31.3,87,996,1,Poor,1,Unoccupied
7/20/2026 1:11:06,31.3,87,996,1,Poor,1,Unoccupied
7/20/2026 1:11:16,31.3,87,996,1,Poor,1,Unoccupied
7/20/2026 1:11:26,31.3,87,996,1,Poor,1,Unoccupied
7/20/2026 1:11:36,31.3,87,996,1,Poor,1,Unoccupied
7/20/2026 1:11:46,31.3,87,992,1,Poor,1,Unoccupied
7/20/2026 1:11:59,31.3,87,996,1,Poor,1,Unoccupied
7/20/2026 1:12:06,31.3,87,996,1,Poor,1,Unoccupied
7/20/2026 1:12:16,31.3,87,996,1,Poor,1,Unoccupied
7/20/2026 1:12:26,31.3,87,996,1,Poor,1,Unoccupied
7/20/2026 1:12:36,31.3,87,996,1,Poor,1,Unoccupied
7/20/2026 1:12:46,31.3,87,996,1,Poor,1,Unoccupied
7/20/2026 1:12:56,31.3,87,996,1,Poor,1,Unoccupied
7/20/2026 1:13:06,31.3,87,996,1,Poor,1,Unoccupied
7/20/2026 1:13:16,31.3,87,997,1,Poor,1,Unoccupied
7/20/2026 1:13:26,31.3,87,996,1,Poor,1,Unoccupied
7/20/2026 1:13:36,31.3,87,996,1,Poor,1,Unoccupied
7/20/2026 1:13:46,31.3,87,996,1,Poor,1,Unoccupied
7/20/2026 1:13:56,31.3,87,996,1,Poor,1,Unoccupied
7/20/2026 1:14:06,31.3,87,996,1,Poor,1,Unoccupied
7/20/2026 1:14:17,31.3,87,996,1,Poor,1,Unoccupied
7/20/2026 1:14:26,31.3,88,996,1,Poor,1,Unoccupied
7/20/2026 1:14:36,31.3,88,996,1,Poor,1,Unoccupied
7/20/2026 1:14:46,31.3,88,996,1,Poor,1,Unoccupied
7/20/2026 1:14:56,31.3,88,996,1,Poor,1,Unoccupied
7/20/2026 1:15:06,31.3,88,996,1,Poor,1,Unoccupied
7/20/2026 1:15:16,31.3,88,997,1,Poor,1,Unoccupied
7/20/2026 1:15:26,31.3,88,997,1,Poor,1,Unoccupied
7/20/2026 1:15:36,31.3,88,996,1,Poor,1,Unoccupied
7/20/2026 1:15:46,31.3,88,997,1,Poor,1,Unoccupied
7/20/2026 1:15:57,31.3,88,997,1,Poor,1,Unoccupied
7/20/2026 1:16:06,31.3,88,996,1,Poor,1,Unoccupied
7/20/2026 1:16:16,31.3,88,996,1,Poor,1,Unoccupied
7/20/2026 1:16:26,31.3,88,997,1,Poor,1,Unoccupied
7/20/2026 1:16:36,31.3,88,996,1,Poor,1,Unoccupied
7/20/2026 1:16:46,31.3,88,996,1,Poor,1,Unoccupied
7/20/2026 1:16:56,31.3,88,996,1,Poor,1,Unoccupied
7/20/2026 1:17:07,31.2,88,997,1,Poor,1,Unoccupied
7/20/2026 1:17:16,30.8,88,996,1,Poor,1,Unoccupied
7/20/2026 1:17:26,30.8,88,996,1,Poor,1,Unoccupied
7/20/2026 1:17:36,30.8,88,992,1,Poor,1,Unoccupied
7/20/2026 1:17:46,30.8,88,996,1,Poor,1,Unoccupied
7/20/2026 1:17:56,30.8,88,996,1,Poor,1,Unoccupied
7/20/2026 1:18:06,30.9,88,996,1,Poor,1,Unoccupied
7/20/2026 1:18:16,30.8,88,996,1,Poor,1,Unoccupied
7/20/2026 1:18:26,30.8,88,996,1,Poor,1,Unoccupied
7/20/2026 1:18:36,30.8,88,996,1,Poor,1,Unoccupied
7/20/2026 1:18:46,30.8,88,997,1,Poor,1,Unoccupied
7/20/2026 1:18:56,30.8,88,996,1,Poor,1,Unoccupied
7/20/2026 1:19:05,30.8,88,996,1,Poor,1,Unoccupied
7/20/2026 1:19:16,30.8,88,996,1,Poor,1,Unoccupied
7/20/2026 1:19:26,30.8,88,996,1,Poor,1,Unoccupied
7/20/2026 1:19:36,30.8,88,997,1,Poor,1,Unoccupied
7/20/2026 1:19:46,30.8,88,996,1,Poor,1,Unoccupied
7/20/2026 1:19:56,30.8,88,996,1,Poor,1,Unoccupied
7/20/2026 1:20:06,30.8,88,996,1,Poor,1,Unoccupied
7/20/2026 1:20:16,30.8,88,996,1,Poor,1,Unoccupied
7/20/2026 1:20:26,30.8,88,996,1,Poor,1,Unoccupied
7/20/2026 1:20:36,30.8,88,996,1,Poor,1,Unoccupied
7/20/2026 1:20:46,30.8,88,996,1,Poor,1,Unoccupied
7/20/2026 1:20:56,30.8,88,996,1,Poor,1,Unoccupied
7/20/2026 1:21:06,30.8,88,996,1,Poor,1,Unoccupied
7/20/2026 1:21:16,30.8,88,996,1,Poor,1,Unoccupied
7/20/2026 1:21:28,30.8,88,992,1,Poor,1,Unoccupied
7/20/2026 1:21:36,30.8,88,996,1,Poor,1,Unoccupied
7/20/2026 1:21:46,30.8,88,996,1,Poor,1,Unoccupied
7/20/2026 1:21:56,30.8,88,996,1,Poor,1,Unoccupied
7/20/2026 1:22:05,30.8,88,996,1,Poor,1,Unoccupied
7/20/2026 1:22:16,30.8,88,996,1,Poor,1,Unoccupied
7/20/2026 1:22:26,30.8,88,992,1,Poor,1,Unoccupied
7/20/2026 1:22:36,30.8,88,996,1,Poor,1,Unoccupied
7/20/2026 1:22:46,30.8,88,996,1,Poor,1,Unoccupied
7/20/2026 1:22:56,30.8,88,992,1,Poor,1,Unoccupied
7/20/2026 1:23:06,30.8,88,996,1,Poor,1,Unoccupied
7/20/2026 1:23:16,30.8,88,996,1,Poor,1,Unoccupied
7/20/2026 1:23:26,30.8,88,996,1,Poor,1,Unoccupied
7/20/2026 1:23:36,31.3,88,996,1,Poor,1,Unoccupied
7/20/2026 1:23:46,31.3,88,996,1,Poor,1,Unoccupied
7/20/2026 1:23:56,31.3,88,996,1,Poor,1,Unoccupied
7/20/2026 1:24:06,31.3,88,996,1,Poor,1,Unoccupied
7/20/2026 1:24:16,31.3,88,996,1,Poor,1,Unoccupied
7/20/2026 1:24:26,31.3,87,996,1,Poor,1,Unoccupied
7/20/2026 1:24:36,31.3,87,996,1,Poor,1,Unoccupied
7/20/2026 1:24:46,31.3,87,996,1,Poor,1,Unoccupied
7/20/2026 1:24:56,31.3,87,996,1,Poor,1,Unoccupied
7/20/2026 1:25:09,31.3,87,996,1,Poor,1,Unoccupied
7/20/2026 1:25:16,31.3,87,992,1,Poor,1,Unoccupied
7/20/2026 1:25:26,31.3,87,996,1,Poor,1,Unoccupied
7/20/2026 1:25:36,31.3,87,996,1,Poor,1,Unoccupied
7/20/2026 1:25:46,31.3,87,996,1,Poor,1,Unoccupied
7/20/2026 1:25:56,31.3,87,996,1,Poor,1,Unoccupied
7/20/2026 1:26:06,31.3,87,996,1,Poor,1,Unoccupied
7/20/2026 1:26:16,31.3,87,996,1,Poor,1,Unoccupied
7/20/2026 1:26:26,31.3,87,996,1,Poor,1,Unoccupied
7/20/2026 1:26:36,31.3,87,992,1,Poor,1,Unoccupied
7/20/2026 1:26:46,31.3,87,996,1,Poor,1,Unoccupied
7/20/2026 1:26:56,31.3,87,996,1,Poor,1,Unoccupied
7/20/2026 1:27:06,31.3,87,996,1,Poor,1,Unoccupied
7/20/2026 1:27:16,31.3,87,996,1,Poor,1,Unoccupied
7/20/2026 1:27:26,31.3,87,996,1,Poor,1,Unoccupied
7/20/2026 1:27:36,31.3,87,996,1,Poor,1,Unoccupied
7/20/2026 1:27:46,31.3,87,996,1,Poor,1,Unoccupied
7/20/2026 1:27:56,31.3,87,996,1,Poor,1,Unoccupied
7/20/2026 1:28:06,31.3,87,992,1,Poor,1,Unoccupied
7/20/2026 1:28:16,31.3,87,992,1,Poor,1,Unoccupied
7/20/2026 1:28:26,31.2,87,996,1,Poor,1,Unoccupied
7/20/2026 1:28:36,30.8,88,996,1,Poor,1,Unoccupied
7/20/2026 1:28:46,30.8,88,996,1,Poor,1,Unoccupied
7/20/2026 1:28:56,30.8,88,996,1,Poor,1,Unoccupied
7/20/2026 1:29:06,30.8,88,996,1,Poor,1,Unoccupied
7/20/2026 1:29:16,30.8,88,996,1,Poor,1,Unoccupied
7/20/2026 1:29:26,30.8,88,996,1,Poor,1,Unoccupied
7/20/2026 1:29:36,30.8,88,996,1,Poor,1,Unoccupied
7/20/2026 1:29:46,30.8,88,992,1,Poor,1,Unoccupied
7/20/2026 1:29:56,30.8,88,996,1,Poor,1,Unoccupied
7/20/2026 1:30:06,30.8,88,996,1,Poor,1,Unoccupied
7/20/2026 1:30:16,30.8,88,996,1,Poor,1,Unoccupied
7/20/2026 1:30:29,30.8,88,996,1,Poor,1,Unoccupied
7/20/2026 1:30:36,30.2,88,996,1,Poor,1,Unoccupied
7/20/2026 1:30:46,29.8,90,996,1,Poor,1,Unoccupied
7/20/2026 1:30:56,29.8,91,996,1,Poor,1,Unoccupied
7/20/2026 1:31:06,29.8,92,996,1,Poor,1,Unoccupied
7/20/2026 1:31:18,29.3,92,996,1,Poor,1,Unoccupied
7/20/2026 1:31:43,28.9,93,992,1,Poor,1,Unoccupied
7/20/2026 1:32:02,28.9,93,992,1,Poor,1,Unoccupied
7/20/2026 1:32:26,28.5,94,992,1,Poor,1,Unoccupied
7/20/2026 1:32:56,28.5,94,992,1,Poor,1,Unoccupied
7/20/2026 1:33:22,28.5,94,992,1,Poor,1,Unoccupied
7/20/2026 1:33:54,28.9,94,992,1,Poor,1,Unoccupied
7/20/2026 1:34:15,29.3,93,992,1,Poor,1,Unoccupied
7/20/2026 1:34:34,29.3,93,992,1,Poor,1,Unoccupied
7/20/2026 1:34:57,29.3,93,992,1,Poor,1,Unoccupied
7/20/2026 1:35:22,29.3,93,992,1,Poor,1,Unoccupied
7/20/2026 1:35:43,29.3,92,992,1,Poor,1,Unoccupied
7/20/2026 1:36:03,29.3,92,992,1,Poor,1,Unoccupied
7/20/2026 1:36:37,29.8,92,992,1,Poor,1,Unoccupied
7/20/2026 1:37:01,29.8,92,992,1,Poor,1,Unoccupied
7/20/2026 1:37:27,29.8,92,992,1,Poor,1,Unoccupied
7/20/2026 1:37:36,29.8,92,992,1,Poor,1,Unoccupied
7/20/2026 1:37:46,29.8,92,996,1,Poor,1,Unoccupied
7/20/2026 1:37:56,29.8,92,992,1,Poor,1,Unoccupied
7/20/2026 1:38:06,29.8,92,996,1,Poor,1,Unoccupied
7/20/2026 1:38:16,29.8,92,996,1,Poor,1,Unoccupied
7/20/2026 1:38:26,29.8,92,996,1,Poor,1,Unoccupied
7/20/2026 1:38:36,29.8,92,996,1,Poor,1,Unoccupied
7/20/2026 1:38:46,29.8,92,997,1,Poor,1,Unoccupied
7/20/2026 1:38:56,29.8,92,992,1,Poor,1,Unoccupied
7/20/2026 1:39:06,29.8,92,996,1,Poor,1,Unoccupied
7/20/2026 1:39:16,29.8,92,996,1,Poor,1,Unoccupied
7/20/2026 1:39:26,29.8,92,997,1,Poor,1,Unoccupied
7/20/2026 1:39:36,29.8,92,992,1,Poor,1,Unoccupied
7/20/2026 1:39:46,29.8,92,996,1,Poor,1,Unoccupied
7/20/2026 1:39:56,29.8,92,996,1,Poor,1,Unoccupied
7/20/2026 1:40:06,29.6,92,996,1,Poor,1,Unoccupied
7/20/2026 1:40:16,29.3,92,996,1,Poor,1,Unoccupied
7/20/2026 1:40:26,29.3,92,996,1,Poor,1,Unoccupied
7/20/2026 1:40:37,29.3,92,996,1,Poor,1,Unoccupied
7/20/2026 1:40:46,29.3,92,996,1,Poor,1,Unoccupied
7/20/2026 1:40:56,29.3,92,996,1,Poor,1,Unoccupied
7/20/2026 1:41:06,29.3,92,996,1,Poor,1,Unoccupied
7/20/2026 1:41:16,29.3,92,996,1,Poor,1,Unoccupied
7/20/2026 1:41:27,28.9,92,996,1,Poor,1,Unoccupied
7/20/2026 1:41:36,28.9,92,996,1,Poor,1,Unoccupied
7/20/2026 1:41:46,28.9,92,996,1,Poor,1,Unoccupied
7/20/2026 1:41:56,28.5,93,996,1,Poor,1,Unoccupied
7/20/2026 1:42:06,28.5,93,996,1,Poor,1,Unoccupied
7/20/2026 1:42:16,28.5,93,997,1,Poor,1,Unoccupied
7/20/2026 1:42:26,28.5,93,996,1,Poor,1,Unoccupied
7/20/2026 1:42:36,28.5,93,996,1,Poor,1,Unoccupied
7/20/2026 1:42:46,28,94,996,1,Poor,1,Unoccupied
7/20/2026 1:42:56,28,94,996,1,Poor,1,Unoccupied
7/20/2026 1:43:06,28,94,996,1,Poor,1,Unoccupied
7/20/2026 1:43:16,28,95,996,1,Poor,1,Unoccupied
7/20/2026 1:43:26,28,95,996,1,Poor,1,Unoccupied
7/20/2026 1:43:36,28,95,996,1,Poor,1,Unoccupied
7/20/2026 1:43:46,28,95,992,1,Poor,1,Unoccupied
7/20/2026 1:43:56,28,95,996,1,Poor,1,Unoccupied
7/20/2026 1:44:06,27.6,96,996,1,Poor,1,Unoccupied
7/20/2026 1:44:16,27.6,96,996,1,Poor,1,Unoccupied
7/20/2026 1:44:26,27.6,96,996,1,Poor,1,Unoccupied
7/20/2026 1:44:36,27.6,96,997,1,Poor,1,Unoccupied
7/20/2026 1:44:46,27.6,96,996,1,Poor,1,Unoccupied
7/20/2026 1:44:56,27.6,96,996,1,Poor,1,Unoccupied
7/20/2026 1:45:06,27.6,96,996,1,Poor,1,Unoccupied
7/20/2026 1:45:16,27.6,96,996,1,Poor,1,Unoccupied
7/20/2026 1:45:26,27.6,96,997,1,Poor,1,Unoccupied
7/20/2026 1:45:36,27.6,96,996,1,Poor,1,Unoccupied
7/20/2026 1:45:46,27.6,96,996,1,Poor,1,Unoccupied
7/20/2026 1:45:56,27.1,96,996,1,Poor,1,Unoccupied
7/20/2026 1:46:06,27.1,97,996,1,Poor,1,Unoccupied
7/20/2026 1:46:16,27.1,97,996,1,Poor,1,Unoccupied
7/20/2026 1:46:26,27.5,97,997,1,Poor,1,Unoccupied
7/20/2026 1:46:36,27.6,97,997,1,Poor,1,Unoccupied
7/20/2026 1:46:46,27.6,97,996,1,Poor,1,Unoccupied
7/20/2026 1:46:56,27.6,97,996,1,Poor,1,Unoccupied
7/20/2026 1:47:06,27.6,96,996,1,Poor,1,Unoccupied
7/20/2026 1:47:16,27.6,96,997,1,Poor,1,Unoccupied
7/20/2026 1:47:26,27.7,96,997,1,Poor,1,Unoccupied
7/20/2026 1:47:37,28,95,997,1,Poor,1,Unoccupied
7/20/2026 1:47:46,28,95,997,1,Poor,1,Unoccupied
7/20/2026 1:47:56,28,95,997,1,Poor,1,Unoccupied
7/20/2026 1:48:06,28,95,997,1,Poor,1,Unoccupied
7/20/2026 1:48:16,28,94,997,1,Poor,1,Unoccupied
7/20/2026 1:48:26,28.5,94,997,1,Poor,1,Unoccupied
7/20/2026 1:48:36,28.5,93,993,1,Poor,1,Unoccupied
7/20/2026 1:48:46,28.5,93,997,1,Poor,1,Unoccupied
7/20/2026 1:48:56,28.5,93,997,1,Poor,1,Unoccupied
7/20/2026 1:49:06,28.5,93,997,1,Poor,1,Unoccupied
7/20/2026 1:49:19,28.5,93,997,1,Poor,1,Unoccupied
7/20/2026 1:49:26,28.5,93,997,1,Poor,1,Unoccupied
7/20/2026 1:49:36,28.5,93,997,1,Poor,1,Unoccupied
7/20/2026 1:49:46,28.5,92,997,1,Poor,1,Unoccupied
7/20/2026 1:49:55,28.5,92,997,1,Poor,1,Unoccupied
7/20/2026 1:50:06,28.5,92,997,1,Poor,1,Unoccupied
7/20/2026 1:50:16,28.5,92,997,1,Poor,1,Unoccupied
7/20/2026 1:50:26,28.5,92,996,1,Poor,1,Unoccupied
7/20/2026 1:50:36,28.5,92,997,1,Poor,1,Unoccupied
7/20/2026 1:50:46,28.5,92,996,1,Poor,1,Unoccupied
7/20/2026 1:50:56,28.5,92,997,1,Poor,1,Unoccupied
7/20/2026 1:51:05,28.5,92,997,1,Poor,1,Unoccupied
7/20/2026 1:51:16,28.5,92,997,1,Poor,1,Unoccupied
7/20/2026 1:51:26,28.5,92,997,1,Poor,1,Unoccupied
7/20/2026 1:51:36,28.5,92,997,1,Poor,1,Unoccupied
7/20/2026 1:51:46,28.5,92,997,1,Poor,1,Unoccupied
7/20/2026 1:51:56,28.5,92,997,1,Poor,1,Unoccupied
7/20/2026 1:52:06,28.5,92,997,1,Poor,1,Unoccupied
7/20/2026 1:52:16,28.5,92,997,1,Poor,1,Unoccupied
7/20/2026 1:52:26,28.5,92,993,1,Poor,1,Unoccupied
7/20/2026 1:52:36,28.5,92,997,1,Poor,1,Unoccupied
7/20/2026 1:52:46,28.5,92,996,1,Poor,1,Unoccupied
7/20/2026 1:52:56,28.5,92,997,1,Poor,1,Unoccupied
7/20/2026 1:53:06,28.5,92,997,1,Poor,1,Unoccupied
7/20/2026 1:53:16,28.5,92,997,1,Poor,1,Unoccupied
7/20/2026 1:53:26,28.5,92,993,1,Poor,1,Unoccupied
7/20/2026 1:53:36,28.5,92,997,1,Poor,1,Unoccupied
7/20/2026 1:53:46,28.5,92,996,1,Poor,1,Unoccupied
7/20/2026 1:53:56,28.5,92,993,1,Poor,1,Unoccupied
7/20/2026 1:54:29,28.5,92,992,1,Poor,1,Unoccupied
7/20/2026 1:54:43,28.5,91,992,1,Poor,1,Unoccupied
7/20/2026 1:55:02,28.5,92,991,1,Poor,1,Unoccupied
7/20/2026 1:55:25,28.9,92,990,1,Poor,1,Unoccupied
7/20/2026 1:55:46,28.9,91,990,1,Poor,1,Unoccupied
7/20/2026 1:56:04,28.9,91,990,1,Poor,1,Unoccupied
7/20/2026 1:56:25,28.9,91,990,1,Poor,1,Unoccupied
7/20/2026 1:56:44,28.9,91,990,1,Poor,1,Unoccupied
7/20/2026 1:56:50,28.9,91,990,1,Poor,1,Unoccupied
7/20/2026 1:57:02,28.9,91,990,1,Poor,1,Unoccupied
7/20/2026 1:57:08,28.9,91,991,1,Poor,1,Unoccupied
7/20/2026 1:57:16,28.9,91,993,1,Poor,1,Unoccupied
7/20/2026 1:57:26,28.9,91,993,1,Poor,1,Unoccupied
7/20/2026 1:57:36,28.9,91,994,1,Poor,1,Unoccupied
7/20/2026 1:57:46,28.9,90,994,1,Poor,1,Unoccupied
7/20/2026 1:57:56,28.9,90,994,1,Poor,1,Unoccupied
7/20/2026 1:58:06,28.9,90,994,1,Poor,1,Unoccupied
7/20/2026 1:58:16,28.9,90,994,1,Poor,1,Unoccupied
7/20/2026 1:58:27,28.9,91,990,1,Poor,1,Unoccupied
7/20/2026 1:58:36,28.9,91,994,1,Poor,1,Unoccupied
7/20/2026 1:58:46,28.9,91,990,1,Poor,1,Unoccupied
7/20/2026 1:58:56,28.9,91,993,1,Poor,1,Unoccupied
7/20/2026 1:59:06,28.9,91,994,1,Poor,1,Unoccupied
7/20/2026 1:59:16,28.9,91,991,1,Poor,1,Unoccupied
7/20/2026 1:59:26,28.9,91,993,1,Poor,1,Unoccupied
7/20/2026 1:59:36,28.9,91,994,1,Poor,1,Unoccupied
7/20/2026 1:59:46,28.9,91,993,1,Poor,1,Unoccupied
7/20/2026 1:59:56,28.9,91,994,1,Poor,1,Unoccupied
7/20/2026 2:00:06,28.9,91,993,1,Poor,1,Unoccupied
7/20/2026 2:00:16,28.5,91,990,1,Poor,1,Unoccupied
7/20/2026 2:00:26,28.5,91,993,1,Poor,1,Unoccupied
7/20/2026 2:00:36,28.5,92,994,1,Poor,1,Unoccupied
7/20/2026 2:00:46,28.5,92,993,1,Poor,1,Unoccupied
7/20/2026 2:00:56,28.5,92,993,1,Poor,1,Unoccupied
7/20/2026 2:01:07,28.5,92,994,1,Poor,1,Unoccupied
7/20/2026 2:01:16,28.5,92,994,1,Poor,1,Unoccupied
7/20/2026 2:01:26,28.5,92,994,1,Poor,1,Unoccupied
7/20/2026 2:01:36,28.5,92,993,1,Poor,1,Unoccupied
7/20/2026 2:01:46,28.5,92,993,1,Poor,1,Unoccupied
7/20/2026 2:01:56,28.5,92,994,1,Poor,1,Unoccupied
7/20/2026 2:02:06,28.5,92,994,1,Poor,1,Unoccupied
7/20/2026 2:02:16,28.5,92,994,1,Poor,1,Unoccupied
7/20/2026 2:02:26,28.5,92,993,1,Poor,1,Unoccupied
7/20/2026 2:02:36,28.5,92,993,1,Poor,1,Unoccupied
7/20/2026 2:02:46,28.5,92,994,1,Poor,1,Unoccupied
7/20/2026 2:02:56,28.5,92,994,1,Poor,1,Unoccupied
7/20/2026 2:03:06,28.5,92,994,1,Poor,1,Unoccupied
7/20/2026 2:03:16,28.5,92,991,1,Poor,1,Unoccupied
7/20/2026 2:03:28,28.5,92,994,1,Poor,1,Unoccupied
7/20/2026 2:03:51,28.5,92,991,1,Poor,1,Unoccupied
7/20/2026 2:04:17,28.5,92,990,1,Poor,1,Unoccupied
7/20/2026 2:04:40,28.5,92,990,1,Poor,1,Unoccupied
7/20/2026 2:05:05,28.5,92,991,1,Poor,1,Unoccupied
7/20/2026 2:05:24,28.5,92,990,1,Poor,1,Unoccupied
7/20/2026 2:05:45,28.5,92,991,1,Poor,1,Unoccupied
7/20/2026 2:06:08,28.5,92,990,1,Poor,1,Unoccupied
7/20/2026 2:06:30,28.5,92,941,1,Poor,1,Unoccupied
7/20/2026 2:06:56,28.1,92,933,1,Poor,1,Unoccupied
7/20/2026 2:07:17,28,92,940,1,Poor,1,Unoccupied
7/20/2026 2:07:34,28,92,931,1,Poor,1,Unoccupied
7/20/2026 2:07:58,28,93,934,1,Poor,1,Unoccupied
7/20/2026 2:08:30,28,93,933,1,Poor,1,Unoccupied
7/20/2026 2:08:51,28,93,934,1,Poor,1,Unoccupied
7/20/2026 2:09:12,28,93,938,1,Poor,1,Unoccupied
7/20/2026 2:09:23,28,93,936,1,Poor,1,Unoccupied
7/20/2026 2:09:37,28,93,936,1,Poor,1,Unoccupied
7/20/2026 2:10:01,28,93,936,1,Poor,1,Unoccupied
7/20/2026 2:10:24,28,93,936,1,Poor,1,Unoccupied
7/20/2026 2:10:49,28,93,934,1,Poor,1,Unoccupied
7/20/2026 2:11:13,28,93,936,1,Poor,1,Unoccupied
7/20/2026 2:11:25,28,93,936,1,Poor,1,Unoccupied
7/20/2026 2:11:31,28.5,93,936,1,Poor,1,Unoccupied
7/20/2026 2:11:36,28.5,93,936,1,Poor,1,Unoccupied
7/20/2026 2:11:46,28.5,93,938,1,Poor,1,Unoccupied
7/20/2026 2:11:56,28.5,93,938,1,Poor,1,Unoccupied
7/20/2026 2:12:06,28.5,93,938,1,Poor,1,Unoccupied
7/20/2026 2:12:16,28.5,92,938,1,Poor,1,Unoccupied
7/20/2026 2:12:26,28.5,92,938,1,Poor,1,Unoccupied
7/20/2026 2:12:36,28.5,92,937,1,Poor,1,Unoccupied
7/20/2026 2:12:46,28.5,92,937,1,Poor,1,Unoccupied
7/20/2026 2:12:56,28.5,92,937,1,Poor,1,Unoccupied
7/20/2026 2:13:06,28.5,92,938,1,Poor,1,Unoccupied
7/20/2026 2:13:16,28.5,92,938,1,Poor,1,Unoccupied
7/20/2026 2:13:29,28.5,92,934,1,Poor,1,Unoccupied
7/20/2026 2:13:36,28.5,92,938,1,Poor,1,Unoccupied
7/20/2026 2:13:46,28.5,92,938,1,Poor,1,Unoccupied
7/20/2026 2:13:56,28.5,92,938,1,Poor,1,Unoccupied
7/20/2026 2:14:06,28.5,92,938,1,Poor,1,Unoccupied
7/20/2026 2:14:16,28.5,92,939,1,Poor,1,Unoccupied
7/20/2026 2:14:26,28.5,92,940,1,Poor,1,Unoccupied
7/20/2026 2:14:36,28.5,92,940,1,Poor,1,Unoccupied
7/20/2026 2:14:46,28.5,92,940,1,Poor,1,Unoccupied
7/20/2026 2:14:56,28.9,92,940,1,Poor,1,Unoccupied
7/20/2026 2:15:06,28.9,92,946,1,Poor,1,Unoccupied
7/20/2026 2:15:16,28.9,92,946,1,Poor,1,Unoccupied
7/20/2026 2:15:26,28.9,92,946,1,Poor,1,Unoccupied
7/20/2026 2:15:36,28.9,92,946,1,Poor,1,Unoccupied
7/20/2026 2:15:46,28.9,92,944,1,Poor,1,Unoccupied
7/20/2026 2:15:56,28.9,92,948,1,Poor,1,Unoccupied
7/20/2026 2:16:06,28.9,92,948,1,Poor,1,Unoccupied
7/20/2026 2:16:16,28.9,92,948,1,Poor,1,Unoccupied
7/20/2026 2:16:26,28.9,92,948,1,Poor,1,Unoccupied
7/20/2026 2:16:36,28.9,92,948,1,Poor,1,Unoccupied
7/20/2026 2:16:46,28.9,92,948,1,Poor,1,Unoccupied
7/20/2026 2:16:56,28.9,92,948,1,Poor,1,Unoccupied
7/20/2026 2:17:06,28.9,92,948,1,Poor,1,Unoccupied
7/20/2026 2:17:16,28.9,92,948,1,Poor,1,Unoccupied
7/20/2026 2:17:26,28.9,92,948,1,Poor,1,Unoccupied
7/20/2026 2:17:36,28.9,92,948,1,Poor,1,Unoccupied
7/20/2026 2:17:46,28.9,92,949,1,Poor,1,Unoccupied
7/20/2026 2:17:56,28.9,92,948,1,Poor,1,Unoccupied
7/20/2026 2:18:06,28.9,92,948,1,Poor,1,Unoccupied
7/20/2026 2:18:16,28.9,92,944,1,Poor,1,Unoccupied
7/20/2026 2:18:26,28.9,92,948,1,Poor,1,Unoccupied
7/20/2026 2:18:36,28.9,91,948,1,Poor,1,Unoccupied
7/20/2026 2:18:46,28.9,91,948,1,Poor,1,Unoccupied
7/20/2026 2:18:57,28.9,91,948,1,Poor,1,Unoccupied
7/20/2026 2:19:06,28.9,91,948,1,Poor,1,Unoccupied
7/20/2026 2:19:16,28.9,91,946,1,Poor,1,Unoccupied
7/20/2026 2:19:26,28.9,91,946,1,Poor,1,Unoccupied
7/20/2026 2:19:36,28.9,91,940,1,Poor,1,Unoccupied
7/20/2026 2:19:50,28.9,91,938,1,Poor,1,Unoccupied
7/20/2026 2:20:13,28.9,91,937,1,Poor,1,Unoccupied
7/20/2026 2:20:33,28.9,91,938,1,Poor,1,Unoccupied
7/20/2026 2:20:57,28.9,91,941,1,Poor,1,Unoccupied
7/20/2026 2:21:18,28.9,91,942,1,Poor,1,Unoccupied
7/20/2026 2:21:42,28.9,91,942,1,Poor,1,Unoccupied
7/20/2026 2:21:48,28.9,91,942,1,Poor,1,Unoccupied
7/20/2026 2:21:56,28.9,91,945,1,Poor,1,Unoccupied
7/20/2026 2:22:07,28.9,91,945,1,Poor,1,Unoccupied
7/20/2026 2:22:16,28.9,91,945,1,Poor,1,Unoccupied
7/20/2026 2:22:26,28.9,91,939,1,Poor,1,Unoccupied
7/20/2026 2:22:36,28.9,91,941,1,Poor,1,Unoccupied
7/20/2026 2:22:46,28.9,91,941,1,Poor,1,Unoccupied
7/20/2026 2:22:56,28.9,91,941,1,Poor,1,Unoccupied
7/20/2026 2:23:06,28.9,91,941,1,Poor,1,Unoccupied
7/20/2026 2:23:16,28.9,91,941,1,Poor,1,Unoccupied
7/20/2026 2:23:26,28.9,91,939,1,Poor,1,Unoccupied
7/20/2026 2:23:36,28.9,91,942,1,Poor,1,Unoccupied
7/20/2026 2:23:46,28.9,91,942,1,Poor,1,Unoccupied
7/20/2026 2:23:56,28.9,91,941,1,Poor,1,Unoccupied
7/20/2026 2:24:06,28.9,91,939,1,Poor,1,Unoccupied
7/20/2026 2:24:15,28.9,91,941,1,Poor,1,Unoccupied
7/20/2026 2:24:28,28.9,91,939,1,Poor,1,Unoccupied
7/20/2026 2:24:36,28.9,91,941,1,Poor,1,Unoccupied
7/20/2026 2:24:46,28.9,91,941,1,Poor,1,Unoccupied
7/20/2026 2:24:56,28.9,91,941,1,Poor,1,Unoccupied
7/20/2026 2:25:06,28.9,91,941,1,Poor,1,Unoccupied
7/20/2026 2:25:16,28.9,91,942,1,Poor,1,Unoccupied
7/20/2026 2:25:26,28.9,91,941,1,Poor,1,Unoccupied
7/20/2026 2:25:36,28.9,91,941,1,Poor,1,Unoccupied
7/20/2026 2:25:47,28.9,91,941,1,Poor,1,Unoccupied
7/20/2026 2:25:56,28.9,91,941,1,Poor,1,Unoccupied
7/20/2026 2:26:07,28.9,91,941,1,Poor,1,Unoccupied
7/20/2026 2:26:17,29.3,91,941,1,Poor,1,Unoccupied
7/20/2026 2:26:26,29.3,91,938,1,Poor,1,Unoccupied
7/20/2026 2:26:46,29.3,91,938,1,Poor,1,Unoccupied
7/20/2026 2:27:07,29.3,91,938,1,Poor,1,Unoccupied
7/20/2026 2:27:18,29.3,90,938,1,Poor,1,Unoccupied
7/20/2026 2:27:33,29.3,90,938,1,Poor,1,Unoccupied
7/20/2026 2:27:52,29.3,90,938,1,Poor,1,Unoccupied
7/20/2026 2:28:16,29.3,90,938,1,Poor,1,Unoccupied
7/20/2026 2:28:34,29.3,90,938,1,Poor,1,Unoccupied
7/20/2026 2:28:53,29.3,90,938,1,Poor,1,Unoccupied
7/20/2026 2:29:07,29.3,90,937,1,Poor,1,Unoccupied
7/20/2026 2:29:30,29.3,90,937,1,Poor,1,Unoccupied
7/20/2026 2:29:52,29.3,90,938,1,Poor,1,Unoccupied
7/20/2026 2:30:15,29.3,90,937,1,Poor,1,Unoccupied
7/20/2026 2:30:35,29.7,90,937,1,Poor,1,Unoccupied
7/20/2026 2:30:43,29.8,90,938,1,Poor,1,Unoccupied
7/20/2026 2:30:48,29.8,90,938,1,Poor,1,Unoccupied
7/20/2026 2:30:56,29.8,90,941,1,Poor,1,Unoccupied
7/20/2026 2:31:06,29.8,90,941,1,Poor,1,Unoccupied
7/20/2026 2:31:16,29.8,89,937,1,Poor,1,Unoccupied
7/20/2026 2:31:26,29.8,89,941,1,Poor,1,Unoccupied
7/20/2026 2:31:36,29.8,89,941,1,Poor,1,Unoccupied
7/20/2026 2:31:46,29.8,89,941,1,Poor,1,Unoccupied
7/20/2026 2:31:56,29.8,89,941,1,Poor,1,Unoccupied
7/20/2026 2:32:06,29.8,89,940,1,Poor,1,Unoccupied
7/20/2026 2:32:16,29.8,89,940,1,Poor,1,Unoccupied
7/20/2026 2:32:26,29.8,89,940,1,Poor,1,Unoccupied
7/20/2026 2:32:36,29.8,89,940,1,Poor,1,Unoccupied
7/20/2026 2:32:46,29.8,88,940,1,Poor,1,Unoccupied
7/20/2026 2:32:56,29.8,88,940,1,Poor,1,Unoccupied
7/20/2026 2:33:06,29.8,88,940,1,Poor,1,Unoccupied
7/20/2026 2:33:17,29.8,88,940,1,Poor,1,Unoccupied
7/20/2026 2:33:26,29.8,88,940,1,Poor,1,Unoccupied
7/20/2026 2:33:36,29.8,88,940,1,Poor,1,Unoccupied
7/20/2026 2:33:46,29.8,88,938,1,Poor,1,Unoccupied
7/20/2026 2:33:56,29.8,88,940,1,Poor,1,Unoccupied
7/20/2026 2:34:06,29.8,88,936,1,Poor,1,Unoccupied
7/20/2026 2:34:16,29.8,88,940,1,Poor,1,Unoccupied
7/20/2026 2:34:26,29.8,88,940,1,Poor,1,Unoccupied
7/20/2026 2:34:36,29.8,88,939,1,Poor,1,Unoccupied
7/20/2026 2:34:46,29.8,88,940,1,Poor,1,Unoccupied
7/20/2026 2:34:56,29.8,88,938,1,Poor,1,Unoccupied
7/20/2026 2:35:06,29.8,88,940,1,Poor,1,Unoccupied
7/20/2026 2:35:16,29.8,88,941,1,Poor,1,Unoccupied
7/20/2026 2:35:26,29.8,88,942,1,Poor,1,Unoccupied
7/20/2026 2:35:36,29.8,88,940,1,Poor,1,Unoccupied
7/20/2026 2:35:46,29.8,88,942,1,Poor,1,Unoccupied
7/20/2026 2:35:56,29.8,88,945,1,Poor,1,Unoccupied
7/20/2026 2:36:06,29.8,88,942,1,Poor,1,Unoccupied
7/20/2026 2:36:16,29.8,88,944,1,Poor,1,Unoccupied
7/20/2026 2:36:26,29.8,88,946,1,Poor,1,Unoccupied
7/20/2026 2:36:36,29.8,87,944,1,Poor,1,Unoccupied
7/20/2026 2:36:46,29.8,87,948,1,Poor,1,Unoccupied
7/20/2026 2:36:56,29.8,88,948,1,Poor,1,Unoccupied
7/20/2026 2:37:06,29.8,88,944,1,Poor,1,Unoccupied
7/20/2026 2:37:16,29.8,88,944,1,Poor,1,Unoccupied
7/20/2026 2:37:26,29.8,88,946,1,Poor,1,Unoccupied
7/20/2026 2:37:36,29.8,88,946,1,Poor,1,Unoccupied
7/20/2026 2:37:46,29.8,88,946,1,Poor,1,Unoccupied
7/20/2026 2:37:55,29.8,88,944,1,Poor,1,Unoccupied
7/20/2026 2:38:06,29.8,88,946,1,Poor,1,Unoccupied
7/20/2026 2:38:16,29.8,88,946,1,Poor,1,Unoccupied
7/20/2026 2:38:26,29.8,88,944,1,Poor,1,Unoccupied
7/20/2026 2:38:37,29.8,88,946,1,Poor,1,Unoccupied
7/20/2026 2:38:46,29.8,88,946,1,Poor,1,Unoccupied
7/20/2026 2:38:57,29.8,88,946,1,Poor,1,Unoccupied
7/20/2026 2:39:06,29.8,88,946,1,Poor,1,Unoccupied
7/20/2026 2:39:16,29.8,88,945,1,Poor,1,Unoccupied
7/20/2026 2:39:26,29.8,88,945,1,Poor,1,Unoccupied
7/20/2026 2:39:36,29.8,88,945,1,Poor,1,Unoccupied
7/20/2026 2:39:46,29.8,88,945,1,Poor,1,Unoccupied
7/20/2026 2:39:56,29.8,87,937,1,Poor,1,Unoccupied
7/20/2026 2:40:06,29.8,87,941,1,Poor,1,Unoccupied
7/20/2026 2:40:16,29.8,87,937,1,Poor,1,Unoccupied
7/20/2026 2:40:26,29.8,87,937,1,Poor,1,Unoccupied
7/20/2026 2:40:36,29.8,88,938,1,Poor,1,Unoccupied
7/20/2026 2:40:46,29.8,88,937,1,Poor,1,Unoccupied
7/20/2026 2:40:56,29.8,88,938,1,Poor,1,Unoccupied
7/20/2026 2:41:06,29.8,88,938,1,Poor,1,Unoccupied
7/20/2026 2:41:16,29.8,87,937,1,Poor,1,Unoccupied
7/20/2026 2:41:26,29.8,87,937,1,Poor,1,Unoccupied
7/20/2026 2:41:36,29.8,87,933,1,Poor,1,Unoccupied
7/20/2026 2:41:46,29.8,87,938,1,Poor,1,Unoccupied
7/20/2026 2:41:56,29.8,87,934,1,Poor,1,Unoccupied
7/20/2026 2:42:06,29.8,87,938,1,Poor,1,Unoccupied
7/20/2026 2:42:16,29.8,87,937,1,Poor,1,Unoccupied
7/20/2026 2:42:26,29.8,87,934,1,Poor,1,Unoccupied
7/20/2026 2:42:36,29.8,87,938,1,Poor,1,Unoccupied
7/20/2026 2:42:46,29.8,87,938,1,Poor,1,Unoccupied
7/20/2026 2:42:56,29.8,87,939,1,Poor,1,Unoccupied
7/20/2026 2:43:06,29.8,87,938,1,Poor,1,Unoccupied
7/20/2026 2:43:16,29.8,87,938,1,Poor,1,Unoccupied
7/20/2026 2:43:26,29.8,87,938,1,Poor,1,Unoccupied
7/20/2026 2:43:37,29.8,87,934,1,Poor,1,Unoccupied
7/20/2026 2:43:46,29.8,87,937,1,Poor,1,Unoccupied
7/20/2026 2:43:56,29.8,87,938,1,Poor,1,Unoccupied
7/20/2026 2:44:06,29.8,87,937,1,Poor,1,Unoccupied
7/20/2026 2:44:16,29.8,86,938,1,Poor,1,Unoccupied
7/20/2026 2:44:26,29.8,86,938,1,Poor,1,Unoccupied
7/20/2026 2:44:36,29.8,87,937,1,Poor,1,Unoccupied
7/20/2026 2:44:46,29.8,86,938,1,Poor,1,Unoccupied
7/20/2026 2:44:57,29.8,86,938,1,Poor,1,Unoccupied
7/20/2026 2:45:06,29.8,86,938,1,Poor,1,Unoccupied
7/20/2026 2:45:16,29.8,86,938,1,Poor,1,Unoccupied
7/20/2026 2:45:26,29.8,85,938,1,Poor,1,Unoccupied
7/20/2026 2:45:36,29.8,85,938,1,Poor,1,Unoccupied
7/20/2026 2:45:54,29.8,86,934,1,Poor,1,Unoccupied
7/20/2026 2:46:08,29.8,86,936,1,Poor,1,Unoccupied
7/20/2026 2:46:22,29.8,86,934,1,Poor,1,Unoccupied
7/20/2026 2:46:28,29.8,86,934,1,Poor,1,Unoccupied
7/20/2026 2:46:42,29.8,86,934,1,Poor,1,Unoccupied
7/20/2026 2:46:57,29.8,86,936,1,Poor,1,Unoccupied
7/20/2026 2:47:06,29.8,85,938,1,Poor,1,Unoccupied
7/20/2026 2:47:20,29.8,85,936,1,Poor,1,Unoccupied
7/20/2026 2:47:40,29.8,85,934,1,Poor,1,Unoccupied
7/20/2026 2:47:46,29.8,85,934,1,Poor,1,Unoccupied
7/20/2026 2:47:56,29.8,86,937,1,Poor,1,Unoccupied
7/20/2026 2:48:06,29.8,85,938,1,Poor,1,Unoccupied
7/20/2026 2:48:16,29.8,85,938,1,Poor,1,Unoccupied
7/20/2026 2:48:26,29.8,85,938,1,Poor,1,Unoccupied
7/20/2026 2:48:36,29.8,85,938,1,Poor,1,Unoccupied
7/20/2026 2:48:46,29.8,85,938,1,Poor,1,Unoccupied
7/20/2026 2:48:56,29.8,85,938,1,Poor,1,Unoccupied
7/20/2026 2:49:06,29.8,85,939,1,Poor,1,Unoccupied
7/20/2026 2:49:16,29.8,85,938,1,Poor,1,Unoccupied
7/20/2026 2:49:26,29.8,85,938,1,Poor,1,Unoccupied
7/20/2026 2:49:36,29.8,85,938,1,Poor,1,Unoccupied
7/20/2026 2:49:48,29.8,85,938,1,Poor,1,Unoccupied
7/20/2026 2:50:08,29.8,85,936,1,Poor,1,Unoccupied
7/20/2026 2:50:22,29.8,85,934,1,Poor,1,Unoccupied
7/20/2026 2:50:28,29.8,86,934,1,Poor,1,Unoccupied
7/20/2026 2:50:50,29.8,86,936,1,Poor,1,Unoccupied
7/20/2026 2:51:05,29.8,87,936,1,Poor,1,Unoccupied
7/20/2026 2:51:27,29.8,87,936,1,Poor,1,Unoccupied
7/20/2026 2:51:42,29.8,87,936,1,Poor,1,Unoccupied
7/20/2026 2:51:53,29.4,87,936,1,Poor,1,Unoccupied
7/20/2026 2:52:05,29.3,87,936,1,Poor,1,Unoccupied
7/20/2026 2:52:27,29.3,87,936,1,Poor,1,Unoccupied
7/20/2026 2:52:52,29,87,936,1,Poor,1,Unoccupied
7/20/2026 2:53:15,28.9,87,937,1,Poor,1,Unoccupied
7/20/2026 2:53:38,28.9,88,936,1,Poor,1,Unoccupied
7/20/2026 2:53:55,28.5,88,937,1,Poor,1,Unoccupied
7/20/2026 2:54:04,28.5,88,937,1,Poor,1,Unoccupied
7/20/2026 2:54:10,28.5,88,936,1,Poor,1,Unoccupied
7/20/2026 2:54:16,28.8,89,936,1,Poor,1,Unoccupied
7/20/2026 2:54:26,28.9,89,940,1,Poor,1,Unoccupied
7/20/2026 2:54:36,28.9,89,940,1,Poor,1,Unoccupied
7/20/2026 2:54:46,28.9,89,940,1,Poor,1,Unoccupied
7/20/2026 2:55:03,28.9,88,937,1,Poor,1,Unoccupied
7/20/2026 2:55:09,28.9,88,936,1,Poor,1,Unoccupied
7/20/2026 2:55:16,28.9,88,937,1,Poor,1,Unoccupied
7/20/2026 2:55:26,29.3,88,939,1,Poor,1,Unoccupied
7/20/2026 2:55:36,29.3,88,940,1,Poor,1,Unoccupied
7/20/2026 2:55:46,29.3,88,936,1,Poor,1,Unoccupied
7/20/2026 2:55:56,29.3,88,939,1,Poor,1,Unoccupied
7/20/2026 2:56:06,29.3,87,936,1,Poor,1,Unoccupied
7/20/2026 2:56:29,29.3,87,936,1,Poor,1,Unoccupied
7/20/2026 2:57:02,29.3,86,936,1,Poor,1,Unoccupied
7/20/2026 2:57:17,29.8,86,936,1,Poor,1,Unoccupied
7/20/2026 2:57:37,29.8,86,936,1,Poor,1,Unoccupied
7/20/2026 2:58:00,29.8,85,936,1,Poor,1,Unoccupied
7/20/2026 2:58:16,29.8,85,934,1,Poor,1,Unoccupied
7/20/2026 2:58:39,29.8,85,936,1,Poor,1,Unoccupied
7/20/2026 2:59:07,29.8,85,936,1,Poor,1,Unoccupied
7/20/2026 2:59:18,29.8,84,936,1,Poor,1,Unoccupied
7/20/2026 2:59:35,29.8,84,934,1,Poor,1,Unoccupied
7/20/2026 2:59:59,29.8,84,936,1,Poor,1,Unoccupied
7/20/2026 3:00:11,29.8,84,936,1,Poor,1,Unoccupied
7/20/2026 3:00:33,29.8,85,936,1,Poor,1,Unoccupied
7/20/2026 3:00:53,29.8,85,936,1,Poor,1,Unoccupied
7/20/2026 3:01:16,29.8,85,936,1,Poor,1,Unoccupied
7/20/2026 3:01:36,29.8,85,936,1,Poor,1,Unoccupied
7/20/2026 3:01:48,29.8,85,936,1,Poor,1,Unoccupied
7/20/2026 3:02:02,29.8,85,936,1,Poor,1,Unoccupied
7/20/2026 3:02:19,29.8,86,936,1,Poor,1,Unoccupied
7/20/2026 3:02:39,29.8,86,936,1,Poor,1,Unoccupied
7/20/2026 3:03:02,29.8,86,936,1,Poor,1,Unoccupied
7/20/2026 3:03:22,29.8,86,936,1,Poor,1,Unoccupied
7/20/2026 3:03:45,29.8,86,936,1,Poor,1,Unoccupied
7/20/2026 3:04:05,29.8,86,936,1,Poor,1,Unoccupied
7/20/2026 3:04:19,29.8,86,936,1,Poor,1,Unoccupied
7/20/2026 3:04:42,29.8,86,936,1,Poor,1,Unoccupied
7/20/2026 3:05:02,29.8,86,937,1,Poor,1,Unoccupied
7/20/2026 3:05:25,29.8,86,937,1,Poor,1,Unoccupied
7/20/2026 3:05:45,29.8,86,937,1,Poor,1,Unoccupied
7/20/2026 3:06:10,29.8,86,937,1,Poor,1,Unoccupied
7/20/2026 3:06:20,29.8,86,938,1,Poor,1,Unoccupied
7/20/2026 3:06:43,29.8,87,937,1,Poor,1,Unoccupied
7/20/2026 3:07:06,29.8,87,937,1,Poor,1,Unoccupied
7/20/2026 3:07:29,29.8,87,937,1,Poor,1,Unoccupied
7/20/2026 3:07:52,29.8,87,938,1,Poor,1,Unoccupied
7/20/2026 3:08:15,29.8,86,937,1,Poor,1,Unoccupied
7/20/2026 3:08:24,29.8,86,937,1,Poor,1,Unoccupied
7/20/2026 3:08:30,29.8,86,938,1,Poor,1,Unoccupied
7/20/2026 3:08:36,29.8,86,937,1,Poor,1,Unoccupied
7/20/2026 3:08:46,29.8,86,937,1,Poor,1,Unoccupied
7/20/2026 3:08:56,29.8,86,941,1,Poor,1,Unoccupied
7/20/2026 3:09:06,29.8,86,941,1,Poor,1,Unoccupied
7/20/2026 3:09:16,29.8,86,941,1,Poor,1,Unoccupied
7/20/2026 3:09:26,29.8,86,941,1,Poor,1,Unoccupied
7/20/2026 3:09:36,29.8,85,940,1,Poor,1,Unoccupied
7/20/2026 3:09:46,29.8,85,940,1,Poor,1,Unoccupied
7/20/2026 3:09:56,29.8,85,940,1,Poor,1,Unoccupied
7/20/2026 3:10:06,29.8,85,940,1,Poor,1,Unoccupied
7/20/2026 3:10:16,29.8,85,937,1,Poor,1,Unoccupied
7/20/2026 3:10:26,29.8,85,940,1,Poor,1,Unoccupied
7/20/2026 3:10:36,29.8,85,941,1,Poor,1,Unoccupied
7/20/2026 3:10:46,29.8,85,940,1,Poor,1,Unoccupied
7/20/2026 3:11:09,29.8,85,937,1,Poor,1,Unoccupied
7/20/2026 3:11:32,29.8,85,937,1,Poor,1,Unoccupied
7/20/2026 3:11:52,29.8,85,938,1,Poor,1,Unoccupied
7/20/2026 3:12:19,29.8,85,937,1,Poor,1,Unoccupied
7/20/2026 3:12:33,29.8,85,937,1,Poor,1,Unoccupied
7/20/2026 3:12:54,29.8,87,938,1,Poor,1,Unoccupied
7/20/2026 3:13:17,29.8,85,937,1,Poor,1,Unoccupied
7/20/2026 3:13:41,30.2,84,937,1,Poor,1,Unoccupied
7/20/2026 3:14:00,30.2,84,938,1,Poor,1,Unoccupied
7/20/2026 3:14:06,30.2,83,937,1,Poor,1,Unoccupied
7/20/2026 3:14:16,30.2,83,941,1,Poor,1,Unoccupied
7/20/2026 3:14:26,30.2,83,941,1,Poor,1,Unoccupied
7/20/2026 3:14:36,30.2,83,941,1,Poor,1,Unoccupied
7/20/2026 3:14:46,30.2,83,941,1,Poor,1,Unoccupied
7/20/2026 3:14:56,30.2,83,941,1,Poor,1,Unoccupied
7/20/2026 3:15:06,30.2,83,942,1,Poor,1,Unoccupied
7/20/2026 3:15:16,30.2,83,941,1,Poor,1,Unoccupied
7/20/2026 3:15:26,30.6,83,941,1,Poor,1,Unoccupied
7/20/2026 3:15:36,30.8,83,938,1,Poor,1,Unoccupied
7/20/2026 3:15:46,30.8,83,941,1,Poor,1,Unoccupied
7/20/2026 3:15:56,30.8,83,941,1,Poor,1,Unoccupied
7/20/2026 3:16:06,30.8,83,941,1,Poor,1,Unoccupied
7/20/2026 3:16:16,30.8,83,941,1,Poor,1,Unoccupied
7/20/2026 3:16:26,30.8,82,941,1,Poor,1,Unoccupied
7/20/2026 3:16:36,30.8,82,941,1,Poor,1,Unoccupied
7/20/2026 3:16:46,30.8,82,941,1,Poor,1,Unoccupied
7/20/2026 3:16:56,30.8,82,941,1,Poor,1,Unoccupied
7/20/2026 3:17:06,30.8,82,941,1,Poor,1,Unoccupied
7/20/2026 3:17:16,30.8,83,941,1,Poor,1,Unoccupied
7/20/2026 3:17:26,30.8,83,941,1,Poor,1,Unoccupied
7/20/2026 3:17:36,30.8,83,941,1,Poor,1,Unoccupied
7/20/2026 3:17:46,30.8,83,941,1,Poor,1,Unoccupied
7/20/2026 3:17:56,30.8,83,942,1,Poor,1,Unoccupied
7/20/2026 3:18:06,30.8,83,942,1,Poor,1,Unoccupied
7/20/2026 3:18:16,30.8,83,941,1,Poor,1,Unoccupied
7/20/2026 3:18:26,30.7,83,941,1,Poor,1,Unoccupied
7/20/2026 3:18:42,30.3,83,938,1,Poor,1,Unoccupied
7/20/2026 3:18:53,30.2,83,938,1,Poor,1,Unoccupied
7/20/2026 3:18:58,30.2,83,937,1,Poor,1,Unoccupied
7/20/2026 3:19:06,30.2,83,941,1,Poor,1,Unoccupied
7/20/2026 3:19:16,30.2,83,941,1,Poor,1,Unoccupied
7/20/2026 3:19:26,30.2,83,941,1,Poor,1,Unoccupied
7/20/2026 3:19:36,30.2,83,941,1,Poor,1,Unoccupied
7/20/2026 3:19:46,30.2,83,941,1,Poor,1,Unoccupied
7/20/2026 3:19:56,30.2,83,941,1,Poor,1,Unoccupied
7/20/2026 3:20:06,30.8,83,941,1,Poor,1,Unoccupied
7/20/2026 3:20:17,30.8,83,941,1,Poor,1,Unoccupied
7/20/2026 3:20:26,30.8,83,941,1,Poor,1,Unoccupied
7/20/2026 3:20:36,30.2,83,940,1,Poor,1,Unoccupied
7/20/2026 3:20:46,30.2,83,941,1,Poor,1,Unoccupied
7/20/2026 3:20:56,30.2,83,939,1,Poor,1,Unoccupied
7/20/2026 3:21:06,30.2,83,941,1,Poor,1,Unoccupied
7/20/2026 3:21:16,30.2,83,941,1,Poor,1,Unoccupied
7/20/2026 3:21:26,30.2,83,938,1,Poor,1,Unoccupied
7/20/2026 3:21:36,30.2,83,941,1,Poor,1,Unoccupied
7/20/2026 3:21:46,30.2,83,941,1,Poor,1,Unoccupied
7/20/2026 3:21:56,30.2,83,941,1,Poor,1,Unoccupied
7/20/2026 3:22:06,30.2,83,941,1,Poor,1,Unoccupied
7/20/2026 3:22:16,30.2,83,941,1,Poor,1,Unoccupied
7/20/2026 3:22:26,30.2,83,938,1,Poor,1,Unoccupied
7/20/2026 3:22:37,30.2,83,938,1,Poor,1,Unoccupied
7/20/2026 3:22:46,30.2,83,941,1,Poor,1,Unoccupied
7/20/2026 3:22:59,30.2,83,941,1,Poor,1,Unoccupied
7/20/2026 3:23:06,30.2,83,941,1,Poor,1,Unoccupied
7/20/2026 3:23:16,30.2,83,941,1,Poor,1,Unoccupied
7/20/2026 3:23:26,30.2,83,941,1,Poor,1,Unoccupied
7/20/2026 3:23:36,30.2,84,938,1,Poor,1,Unoccupied
7/20/2026 3:23:46,30.2,84,941,1,Poor,1,Unoccupied
7/20/2026 3:23:56,30.2,84,941,1,Poor,1,Unoccupied
7/20/2026 3:24:06,30.2,84,938,1,Poor,1,Unoccupied
7/20/2026 3:24:16,30.2,84,938,1,Poor,1,Unoccupied
7/20/2026 3:24:26,30.2,84,941,1,Poor,1,Unoccupied
7/20/2026 3:24:36,30.2,84,941,1,Poor,1,Unoccupied
7/20/2026 3:24:46,30.2,84,941,1,Poor,1,Unoccupied
7/20/2026 3:24:56,30.2,84,942,1,Poor,1,Unoccupied
7/20/2026 3:25:06,30.2,84,938,1,Poor,1,Unoccupied
7/20/2026 3:25:16,30.2,84,941,1,Poor,1,Unoccupied
7/20/2026 3:25:29,30.2,84,938,1,Poor,1,Unoccupied
7/20/2026 3:25:36,30.2,84,941,1,Poor,1,Unoccupied
7/20/2026 3:25:46,30.2,84,941,1,Poor,1,Unoccupied
7/20/2026 3:25:56,30.2,84,941,1,Poor,1,Unoccupied
7/20/2026 3:26:06,30.2,84,941,1,Poor,1,Unoccupied
7/20/2026 3:26:16,30.2,84,941,1,Poor,1,Unoccupied
7/20/2026 3:26:26,30.2,84,941,1,Poor,1,Unoccupied
7/20/2026 3:26:36,30.2,84,941,1,Poor,1,Unoccupied
7/20/2026 3:26:47,30.2,84,941,1,Poor,1,Unoccupied
7/20/2026 3:26:56,30.2,84,938,1,Poor,1,Unoccupied
7/20/2026 3:27:06,30.2,84,941,1,Poor,1,Unoccupied
7/20/2026 3:27:16,30.2,84,941,1,Poor,1,Unoccupied
7/20/2026 3:27:26,30.2,84,938,1,Poor,1,Unoccupied
7/20/2026 3:27:36,30.2,84,938,1,Poor,1,Unoccupied
7/20/2026 3:27:46,30.2,84,940,1,Poor,1,Unoccupied
7/20/2026 3:27:56,30.2,84,940,1,Poor,1,Unoccupied
7/20/2026 3:28:06,30.2,84,940,1,Poor,1,Unoccupied
7/20/2026 3:28:16,30.2,84,938,1,Poor,1,Unoccupied
7/20/2026 3:28:26,30.2,84,937,1,Poor,1,Unoccupied
7/20/2026 3:28:36,30.2,84,940,1,Poor,1,Unoccupied
7/20/2026 3:28:46,30.2,84,940,1,Poor,1,Unoccupied
7/20/2026 3:28:56,30.2,84,941,1,Poor,1,Unoccupied
7/20/2026 3:29:06,30.2,84,940,1,Poor,1,Unoccupied
7/20/2026 3:29:16,30.2,84,940,1,Poor,1,Unoccupied
7/20/2026 3:29:26,30.2,84,938,1,Poor,1,Unoccupied
7/20/2026 3:29:36,30.2,84,941,1,Poor,1,Unoccupied
7/20/2026 3:29:46,30.2,84,941,1,Poor,1,Unoccupied
7/20/2026 3:29:56,30.2,84,941,1,Poor,1,Unoccupied
7/20/2026 3:30:06,30.2,84,941,1,Poor,1,Unoccupied
7/20/2026 3:30:16,30.2,84,940,1,Poor,1,Unoccupied
7/20/2026 3:30:26,30.2,84,940,1,Poor,1,Unoccupied
7/20/2026 3:30:36,30.2,84,940,1,Poor,1,Unoccupied
7/20/2026 3:30:46,30.2,84,940,1,Poor,1,Unoccupied
7/20/2026 3:30:56,30.2,84,940,1,Poor,1,Unoccupied
7/20/2026 3:31:06,30.2,84,940,1,Poor,1,Unoccupied
7/20/2026 3:31:16,30.2,84,940,1,Poor,1,Unoccupied
7/20/2026 3:31:26,30.2,84,940,1,Poor,1,Unoccupied
7/20/2026 3:31:36,30.2,84,940,1,Poor,1,Unoccupied
7/20/2026 3:31:46,30.2,84,940,1,Poor,1,Unoccupied
7/20/2026 3:31:56,30.2,84,940,1,Poor,1,Unoccupied
7/20/2026 3:32:06,30.2,84,940,1,Poor,1,Unoccupied
7/20/2026 3:32:16,30.2,84,940,1,Poor,1,Unoccupied
7/20/2026 3:32:26,30.2,84,940,1,Poor,1,Unoccupied
7/20/2026 3:32:36,30.2,84,940,1,Poor,1,Unoccupied
7/20/2026 3:32:47,30.2,84,940,1,Poor,1,Unoccupied
7/20/2026 3:32:56,30.8,84,941,1,Poor,1,Unoccupied
7/20/2026 3:33:06,30.8,84,937,1,Poor,1,Unoccupied
7/20/2026 3:33:16,30.8,84,937,1,Poor,1,Unoccupied
7/20/2026 3:33:26,30.8,83,940,1,Poor,1,Unoccupied
7/20/2026 3:33:38,30.8,83,939,1,Poor,1,Unoccupied
7/20/2026 3:33:46,30.8,83,940,1,Poor,1,Unoccupied
7/20/2026 3:33:57,30.8,83,940,1,Poor,1,Unoccupied
7/20/2026 3:34:06,30.8,83,936,1,Poor,1,Unoccupied
7/20/2026 3:34:16,30.8,83,936,1,Poor,1,Unoccupied
7/20/2026 3:34:26,30.8,83,940,1,Poor,1,Unoccupied
7/20/2026 3:34:37,30.8,83,940,1,Poor,1,Unoccupied
7/20/2026 3:34:46,30.8,83,940,1,Poor,1,Unoccupied
7/20/2026 3:34:59,30.8,83,940,1,Poor,1,Unoccupied
7/20/2026 3:35:20,30.8,83,937,1,Poor,1,Unoccupied
7/20/2026 3:35:27,30.8,83,937,1,Poor,1,Unoccupied
7/20/2026 3:35:36,30.8,83,940,1,Poor,1,Unoccupied
7/20/2026 3:35:46,30.8,83,936,1,Poor,1,Unoccupied
7/20/2026 3:35:56,30.8,83,940,1,Poor,1,Unoccupied
7/20/2026 3:36:06,30.8,83,940,1,Poor,1,Unoccupied
7/20/2026 3:36:16,30.8,83,940,1,Poor,1,Unoccupied
7/20/2026 3:36:26,30.8,83,940,1,Poor,1,Unoccupied
7/20/2026 3:36:36,30.8,83,940,1,Poor,1,Unoccupied
7/20/2026 3:36:49,30.8,83,939,1,Poor,1,Unoccupied
7/20/2026 3:37:01,30.8,83,937,1,Poor,1,Unoccupied
7/20/2026 3:37:07,30.8,83,937,1,Poor,1,Unoccupied
7/20/2026 3:37:19,30.8,83,940,1,Poor,1,Unoccupied
7/20/2026 3:37:27,30.8,83,937,1,Poor,1,Unoccupied
7/20/2026 3:37:36,30.8,83,937,1,Poor,1,Unoccupied
7/20/2026 3:37:46,30.8,83,940,1,Poor,1,Unoccupied
7/20/2026 3:37:56,30.8,83,939,1,Poor,1,Unoccupied
7/20/2026 3:38:12,30.8,83,936,1,Poor,1,Unoccupied
7/20/2026 3:38:18,30.8,83,937,1,Poor,1,Unoccupied
7/20/2026 3:38:26,30.8,83,938,1,Poor,1,Unoccupied
7/20/2026 3:38:36,30.8,83,938,1,Poor,1,Unoccupied
7/20/2026 3:38:46,30.8,83,938,1,Poor,1,Unoccupied
7/20/2026 3:38:56,30.8,83,940,1,Poor,1,Unoccupied
7/20/2026 3:39:07,30.8,83,936,1,Poor,1,Unoccupied
7/20/2026 3:39:18,30.8,83,939,1,Poor,1,Unoccupied
7/20/2026 3:39:26,30.8,83,936,1,Poor,1,Unoccupied
7/20/2026 3:39:36,30.8,83,940,1,Poor,1,Unoccupied
7/20/2026 3:39:46,30.8,83,938,1,Poor,1,Unoccupied
7/20/2026 3:39:57,30.8,83,940,1,Poor,1,Unoccupied
7/20/2026 3:40:10,30.8,84,938,1,Poor,1,Unoccupied
7/20/2026 3:40:16,30.8,84,936,1,Poor,1,Unoccupied
7/20/2026 3:40:26,30.8,84,940,1,Poor,1,Unoccupied
7/20/2026 3:40:36,30.6,84,940,1,Poor,1,Unoccupied
7/20/2026 3:40:48,30.2,84,936,1,Poor,1,Unoccupied
7/20/2026 3:40:56,30.2,84,940,1,Poor,1,Unoccupied
7/20/2026 3:41:19,30.2,84,936,1,Poor,1,Unoccupied
7/20/2026 3:41:42,30.3,84,937,1,Poor,1,Unoccupied
7/20/2026 3:42:09,30.6,84,936,1,Poor,1,Unoccupied
7/20/2026 3:42:25,30.5,84,937,1,Poor,1,Unoccupied
7/20/2026 3:42:45,30.2,84,936,1,Poor,1,Unoccupied
7/20/2026 3:43:08,30.7,84,936,1,Poor,1,Unoccupied
7/20/2026 3:43:31,30.8,84,936,1,Poor,1,Unoccupied
7/20/2026 3:44:02,30.8,84,936,1,Poor,1,Unoccupied
7/20/2026 3:44:23,30.8,83,936,1,Poor,1,Unoccupied
7/20/2026 3:44:32,30.8,83,936,1,Poor,1,Unoccupied
7/20/2026 3:44:37,30.8,83,936,1,Poor,1,Unoccupied
7/20/2026 3:44:46,30.8,83,939,1,Poor,1,Unoccupied
7/20/2026 3:44:59,30.8,83,936,1,Poor,1,Unoccupied
7/20/2026 3:45:08,30.8,83,936,1,Poor,1,Unoccupied
7/20/2026 3:45:16,30.8,83,940,1,Poor,1,Unoccupied
7/20/2026 3:45:26,30.8,83,940,1,Poor,1,Unoccupied
7/20/2026 3:45:37,30.8,83,940,1,Poor,1,Unoccupied
7/20/2026 3:45:46,30.8,83,936,1,Poor,1,Unoccupied
7/20/2026 3:45:56,30.8,83,938,1,Poor,1,Unoccupied
7/20/2026 3:46:06,30.8,83,938,1,Poor,1,Unoccupied
7/20/2026 3:46:26,30.8,82,934,1,Poor,1,Unoccupied
7/20/2026 3:46:36,30.8,82,938,1,Poor,1,Unoccupied
7/20/2026 3:46:46,30.8,82,938,1,Poor,1,Unoccupied
7/20/2026 3:46:56,30.8,82,938,1,Poor,1,Unoccupied
7/20/2026 3:47:06,30.8,82,939,1,Poor,1,Unoccupied
7/20/2026 3:47:16,30.8,82,938,1,Poor,1,Unoccupied
7/20/2026 3:47:26,30.8,83,938,1,Poor,1,Unoccupied
7/20/2026 3:47:36,30.8,83,938,1,Poor,1,Unoccupied
7/20/2026 3:47:46,30.8,83,938,1,Poor,1,Unoccupied
7/20/2026 3:47:56,30.6,83,938,1,Poor,1,Unoccupied
7/20/2026 3:48:06,30.2,83,938,1,Poor,1,Unoccupied
7/20/2026 3:48:16,30.2,83,938,1,Poor,1,Unoccupied
7/20/2026 3:48:26,30.2,83,938,1,Poor,1,Unoccupied
7/20/2026 3:48:36,30.2,83,938,1,Poor,1,Unoccupied
7/20/2026 3:48:46,30.2,83,934,1,Poor,1,Unoccupied
7/20/2026 3:48:56,30.2,84,938,1,Poor,1,Unoccupied
7/20/2026 3:49:06,30.2,84,938,1,Poor,1,Unoccupied
7/20/2026 3:49:16,30.2,84,938,1,Poor,1,Unoccupied
7/20/2026 3:49:26,30.2,84,938,1,Poor,1,Unoccupied
7/20/2026 3:49:36,30.2,84,938,1,Poor,1,Unoccupied
7/20/2026 3:49:46,30.2,84,934,1,Poor,1,Unoccupied
7/20/2026 3:49:56,30.2,84,938,1,Poor,1,Unoccupied
7/20/2026 3:50:06,29.8,86,938,1,Poor,1,Unoccupied
7/20/2026 3:50:16,29.8,86,938,1,Poor,1,Unoccupied
7/20/2026 3:50:26,29.8,87,938,1,Poor,1,Unoccupied
7/20/2026 3:50:36,29.8,87,934,1,Poor,1,Unoccupied
7/20/2026 3:50:46,29.8,87,938,1,Poor,1,Unoccupied
7/20/2026 3:50:56,29.8,87,939,1,Poor,1,Unoccupied
7/20/2026 3:51:06,29.8,87,938,1,Poor,1,Unoccupied
7/20/2026 3:51:16,29.8,87,938,1,Poor,1,Unoccupied
7/20/2026 3:51:26,29.8,87,938,1,Poor,1,Unoccupied
7/20/2026 3:51:36,29.8,87,938,1,Poor,1,Unoccupied
7/20/2026 3:51:46,29.8,87,938,1,Poor,1,Unoccupied
7/20/2026 3:51:56,29.8,87,938,1,Poor,1,Unoccupied
7/20/2026 3:52:06,29.8,88,938,1,Poor,1,Unoccupied
7/20/2026 3:52:16,29.8,88,938,1,Poor,1,Unoccupied
7/20/2026 3:52:27,29.8,88,937,1,Poor,1,Unoccupied
7/20/2026 3:52:36,29.8,88,937,1,Poor,1,Unoccupied
7/20/2026 3:52:46,29.8,88,938,1,Poor,1,Unoccupied
7/20/2026 3:52:56,29.6,88,937,1,Poor,1,Unoccupied
7/20/2026 3:53:06,29.3,88,938,1,Poor,1,Unoccupied
7/20/2026 3:53:16,29.3,88,937,1,Poor,1,Unoccupied
7/20/2026 3:53:26,29.3,88,937,1,Poor,1,Unoccupied
7/20/2026 3:53:36,29.3,88,937,1,Poor,1,Unoccupied
7/20/2026 3:53:46,29.3,88,938,1,Poor,1,Unoccupied
7/20/2026 3:53:56,29.3,88,937,1,Poor,1,Unoccupied
7/20/2026 3:54:06,29.3,88,937,1,Poor,1,Unoccupied
7/20/2026 3:54:16,29.3,88,938,1,Poor,1,Unoccupied
7/20/2026 3:54:26,29.8,88,937,1,Poor,1,Unoccupied
7/20/2026 3:54:36,29.8,88,934,1,Poor,1,Unoccupied
7/20/2026 3:54:46,29.8,88,937,1,Poor,1,Unoccupied
7/20/2026 3:54:57,29.8,88,937,1,Poor,1,Unoccupied
7/20/2026 3:55:06,29.8,88,938,1,Poor,1,Unoccupied
7/20/2026 3:55:19,29.8,88,938,1,Poor,1,Unoccupied
7/20/2026 3:55:26,29.8,88,934,1,Poor,1,Unoccupied
7/20/2026 3:55:36,29.8,88,934,1,Poor,1,Unoccupied
7/20/2026 3:55:46,29.8,88,937,1,Poor,1,Unoccupied
7/20/2026 3:55:57,29.8,88,938,1,Poor,1,Unoccupied
7/20/2026 3:56:06,29.8,88,938,1,Poor,1,Unoccupied
7/20/2026 3:56:16,29.8,88,938,1,Poor,1,Unoccupied
7/20/2026 3:56:26,29.8,88,934,1,Poor,1,Unoccupied
7/20/2026 3:56:36,29.8,88,938,1,Poor,1,Unoccupied
7/20/2026 3:56:46,29.8,88,938,1,Poor,1,Unoccupied
7/20/2026 3:56:56,29.8,88,937,1,Poor,1,Unoccupied
7/20/2026 3:57:06,29.8,88,934,1,Poor,1,Unoccupied
7/20/2026 3:57:16,29.8,88,938,1,Poor,1,Unoccupied
7/20/2026 3:57:26,29.3,88,938,1,Poor,1,Unoccupied
7/20/2026 3:57:36,29.3,88,938,1,Poor,1,Unoccupied
7/20/2026 3:57:46,29.3,88,938,1,Poor,1,Unoccupied
7/20/2026 3:57:56,29.3,89,938,1,Poor,1,Unoccupied
7/20/2026 3:58:06,28.9,89,938,1,Poor,1,Unoccupied
7/20/2026 3:58:16,28.9,89,938,1,Poor,1,Unoccupied
7/20/2026 3:58:26,28.9,89,938,1,Poor,1,Unoccupied
7/20/2026 3:58:36,28.9,89,938,1,Poor,1,Unoccupied
7/20/2026 3:58:46,28.5,90,938,1,Poor,1,Unoccupied
7/20/2026 3:58:56,28.5,90,938,1,Poor,1,Unoccupied
7/20/2026 3:59:06,28.5,91,938,1,Poor,1,Unoccupied
7/20/2026 3:59:16,28.5,91,939,1,Poor,1,Unoccupied
7/20/2026 3:59:26,28.5,91,938,1,Poor,1,Unoccupied
7/20/2026 3:59:36,28.5,91,938,1,Poor,1,Unoccupied
7/20/2026 3:59:46,28,92,938,1,Poor,1,Unoccupied
7/20/2026 3:59:57,28,92,938,1,Poor,1,Unoccupied
7/20/2026 4:00:07,28,92,938,1,Poor,1,Unoccupied
7/20/2026 4:00:17,28,92,938,1,Poor,1,Unoccupied
7/20/2026 4:00:26,28,92,936,1,Poor,1,Unoccupied
7/20/2026 4:00:36,28,92,938,1,Poor,1,Unoccupied
7/20/2026 4:00:46,28,92,938,1,Poor,1,Unoccupied
7/20/2026 4:00:56,28,92,940,1,Poor,1,Unoccupied
7/20/2026 4:01:06,28,92,938,1,Poor,1,Unoccupied
7/20/2026 4:01:16,28,92,938,1,Poor,1,Unoccupied
7/20/2026 4:01:27,28,92,939,1,Poor,1,Unoccupied
7/20/2026 4:01:37,28,92,939,1,Poor,1,Unoccupied
7/20/2026 4:01:46,28,92,938,1,Poor,1,Unoccupied
7/20/2026 4:01:56,28,92,939,1,Poor,1,Unoccupied
7/20/2026 4:02:06,28,92,938,1,Poor,1,Unoccupied
7/20/2026 4:02:16,28,93,938,1,Poor,1,Unoccupied
7/20/2026 4:02:25,28,93,938,1,Poor,1,Unoccupied
7/20/2026 4:02:36,28,93,936,1,Poor,1,Unoccupied
7/20/2026 4:02:46,28,93,938,1,Poor,1,Unoccupied
7/20/2026 4:02:56,28,93,938,1,Poor,1,Unoccupied
7/20/2026 4:03:10,28,93,938,1,Poor,1,Unoccupied
7/20/2026 4:03:16,28,93,936,1,Poor,1,Unoccupied
7/20/2026 4:03:26,28,93,940,1,Poor,1,Unoccupied
7/20/2026 4:03:36,28,93,939,1,Poor,1,Unoccupied
7/20/2026 4:03:46,28,93,940,1,Poor,1,Unoccupied
7/20/2026 4:03:57,28,93,939,1,Poor,1,Unoccupied
7/20/2026 4:04:06,28,93,939,1,Poor,1,Unoccupied
7/20/2026 4:04:16,28,93,936,1,Poor,1,Unoccupied
7/20/2026 4:04:26,28,93,936,1,Poor,1,Unoccupied
7/20/2026 4:04:37,28,93,936,1,Poor,1,Unoccupied
7/20/2026 4:05:08,28.5,92,936,1,Poor,1,Unoccupied
7/20/2026 4:05:31,28.5,92,937,1,Poor,1,Unoccupied
7/20/2026 4:05:45,28.9,92,936,1,Poor,1,Unoccupied
7/20/2026 4:05:51,28.9,92,936,1,Poor,1,Unoccupied
7/20/2026 4:05:57,28.9,91,936,1,Poor,1,Unoccupied
7/20/2026 4:06:06,28.9,91,939,1,Poor,1,Unoccupied
7/20/2026 4:06:16,28.9,91,938,1,Poor,1,Unoccupied
7/20/2026 4:06:26,29.3,91,940,1,Poor,1,Unoccupied
7/20/2026 4:06:36,29.3,90,939,1,Poor,1,Unoccupied
7/20/2026 4:06:46,29.3,90,940,1,Poor,1,Unoccupied
7/20/2026 4:06:56,29.3,90,936,1,Poor,1,Unoccupied
7/20/2026 4:07:07,29.3,90,936,1,Poor,1,Unoccupied
7/20/2026 4:07:16,29.3,89,939,1,Poor,1,Unoccupied
7/20/2026 4:07:26,29.3,89,939,1,Poor,1,Unoccupied
7/20/2026 4:07:36,29.3,89,939,1,Poor,1,Unoccupied
7/20/2026 4:07:49,29.4,88,938,1,Poor,1,Unoccupied
7/20/2026 4:07:56,29.8,88,936,1,Poor,1,Unoccupied
7/20/2026 4:08:07,29.8,88,970,0,Poor,1,PossiblyOccupied
7/20/2026 4:08:16,29.8,88,974,1,Poor,1,Unoccupied
7/20/2026 4:08:26,29.8,88,970,1,Poor,1,Unoccupied
7/20/2026 4:08:36,29.8,88,970,1,Poor,1,Unoccupied
7/20/2026 4:08:46,29.8,88,973,1,Poor,1,Unoccupied
7/20/2026 4:08:56,29.8,88,973,1,Poor,1,Unoccupied
7/20/2026 4:09:06,29.8,88,973,1,Poor,1,Unoccupied
7/20/2026 4:09:16,29.8,88,974,1,Poor,1,Unoccupied
7/20/2026 4:09:26,29.8,88,974,1,Poor,1,Unoccupied
7/20/2026 4:09:36,29.8,88,974,1,Poor,1,Unoccupied
7/20/2026 4:09:46,29.8,88,970,1,Poor,1,Unoccupied
7/20/2026 4:09:56,29.8,88,970,1,Poor,1,Unoccupied
7/20/2026 4:10:20,29.8,88,970,1,Poor,1,Unoccupied
7/20/2026 4:13:15,29.3,88,970,1,Poor,1,Unoccupied
7/20/2026 4:13:26,29.3,88,970,1,Poor,1,Unoccupied
7/20/2026 4:13:50,29.3,88,970,1,Poor,1,Unoccupied
7/20/2026 4:13:56,29.3,88,970,1,Poor,1,Unoccupied
7/20/2026 4:17:06,29.3,89,970,1,Poor,1,Unoccupied
7/20/2026 4:17:29,29.3,89,970,1,Poor,1,Unoccupied
7/20/2026 4:17:52,28.9,90,970,1,Poor,1,Unoccupied
7/20/2026 4:18:16,28.9,90,970,1,Poor,1,Unoccupied
7/20/2026 4:18:38,28.9,91,970,1,Poor,1,Unoccupied
7/20/2026 4:18:52,28.5,91,970,1,Poor,1,Unoccupied
7/20/2026 4:19:02,28.5,91,970,1,Poor,1,Unoccupied
7/20/2026 4:19:25,28.1,92,970,1,Poor,1,Unoccupied
7/20/2026 4:19:48,28,92,970,1,Poor,1,Unoccupied
7/20/2026 4:19:56,28,92,973,1,Poor,1,Unoccupied
7/20/2026 4:20:06,28,92,970,1,Poor,1,Unoccupied
7/20/2026 4:20:16,28,92,970,1,Poor,1,Unoccupied
7/20/2026 4:20:26,28,92,970,1,Poor,1,Unoccupied
7/20/2026 4:20:36,28,92,970,1,Poor,1,Unoccupied
7/20/2026 4:20:47,28,92,970,1,Poor,1,Unoccupied
7/20/2026 4:21:02,28,92,970,1,Poor,1,Unoccupied
7/20/2026 4:21:29,28,92,970,1,Poor,1,Unoccupied
7/20/2026 4:21:56,28,92,970,1,Poor,1,Unoccupied
7/20/2026 4:22:20,28,92,970,1,Poor,1,Unoccupied
7/20/2026 4:22:42,28,92,970,1,Poor,1,Unoccupied
7/20/2026 4:23:04,27.6,94,970,1,Poor,1,Unoccupied
7/20/2026 4:23:28,27.6,94,970,1,Poor,1,Unoccupied
7/20/2026 4:23:36,27.1,95,970,1,Poor,1,Unoccupied
7/20/2026 4:23:46,27.1,96,973,1,Poor,1,Unoccupied
7/20/2026 4:24:03,27.1,96,970,1,Poor,1,Unoccupied
7/20/2026 4:24:19,27.1,96,970,0,Poor,1,PossiblyOccupied
7/20/2026 4:24:29,27.3,96,970,0,Poor,1,PossiblyOccupied
7/20/2026 4:24:38,27.6,96,970,0,Poor,1,PossiblyOccupied
7/20/2026 4:24:46,27.6,96,970,1,Poor,1,Unoccupied
7/20/2026 4:24:56,27.6,96,973,1,Poor,1,Unoccupied
7/20/2026 4:25:07,27.6,96,973,1,Poor,1,Unoccupied
7/20/2026 4:25:16,27.6,96,973,1,Poor,1,Unoccupied
7/20/2026 4:25:26,27.6,96,973,1,Poor,1,Unoccupied
7/20/2026 4:25:36,27.6,96,970,1,Poor,1,Unoccupied
7/20/2026 4:25:46,27.6,96,970,1,Poor,1,Unoccupied
7/20/2026 4:25:56,27.6,96,973,1,Poor,1,Unoccupied